"","event","month","year","waterbody.name","county","state","long","lat","centrarchidae","percidae","esocidae","ictaluridae","cyprinidae","salmonidae","osmeridae","catostomidae","sciaenidae","lepisosteidae","bullhead","brown.trout","largemouth.bass","smallmouth.bass","minnow","cisco","channel.catfish","freshwater.drum","northern.pike","rainbow.smelt","walleye","carp","crappie","trout","sunfish","white.sucker","yellow.perch","muskies","bass","stonecat","gizzard.gizzard.shad","rockbass","sauger","gar","whitefish","unknown","summerkill","winterkill","anthropogenic","infectious"
"1","s2003006",1,"2003","cedar river","mower","mn","-92.972365","43.667391","1","0","1","0","1","0","0","0","0","0","0","0","0","1","0","0","0","0","1","0","0","1","0","0","0","0","0","0","0","0","0","0","0","0","0",1,0,0,0,0
"2","s2003085",4,"2003","","hennepin","mn",NA,"",NA,NA,NA,NA,NA,NA,NA,NA,NA,NA,NA,NA,NA,NA,NA,NA,NA,NA,NA,NA,NA,NA,NA,NA,NA,NA,NA,NA,NA,NA,NA,NA,NA,NA,NA,0,0,1,0,0
"3","s2003087",4,"2003","gideon lake minnetonka","hennepin","mn","-93.579762","44.910314",NA,NA,NA,NA,NA,NA,NA,NA,NA,NA,NA,NA,NA,NA,NA,NA,NA,NA,NA,NA,NA,NA,NA,NA,NA,NA,NA,NA,NA,NA,NA,NA,NA,NA,NA,1,0,0,0,0
"4","s2003088",4,"2003","wing lake","hennepin","mn","-93.4762","44.9035 ",NA,NA,NA,NA,NA,NA,NA,NA,NA,NA,NA,NA,NA,NA,NA,NA,NA,NA,NA,NA,NA,NA,NA,NA,NA,NA,NA,NA,NA,NA,NA,NA,NA,NA,NA,0,0,1,0,0
"5","pl2003034",4,"2003","east toqua lake","big stone","mn","-96.4436","45.5614  ","1","1","0","0","0","0","0","0","0","0","0","0","0","0","0","0","0","0","0","0","1","0","1","0","1","0","0","0","0","0","0","0","0","0","0",1,0,0,0,0
"6","s2003094",4,"2003","","rice","mn",NA,"","0","0","0","0","1","0","0","0","0","0","0","0","0","0","0","0","0","0","0","0","0","1","0","0","0","0","0","0","0","0","0","0","0","0","0",1,0,0,0,0
"7","s2003099",4,"2003","eagle lake","carver","mn","-93.8926","44.1889",NA,NA,NA,NA,NA,NA,NA,NA,NA,NA,NA,NA,NA,NA,NA,NA,NA,NA,NA,NA,NA,NA,NA,NA,NA,NA,NA,NA,NA,NA,NA,NA,NA,NA,NA,0,0,1,0,0
"8","s2003101",4,"2003","bassett creek","hennepin","mn","-93.354906","45.013178","0","0","0","0","1","1","0","0","0","0","0","0","0","0","0","0","0","0","0","0","0","1","0","0","0","0","0","0","0","0","0","0","0","0","0",0,0,1,0,0
"9","s2003103",4,"2003","madison lake","blue earth","mn","-93.808331","44.192717",NA,NA,NA,NA,NA,NA,NA,NA,NA,NA,NA,NA,NA,NA,NA,NA,NA,NA,NA,NA,NA,NA,NA,NA,NA,NA,NA,NA,NA,NA,NA,NA,NA,NA,NA,0,0,1,0,0
"10","pl2003046",4,"2003","lake sarah","hennepin","mn","-93.6716","45.062 ","1","0","0","0","0","0","0","0","0","0","0","0","0","0","0","0","0","0","0","0","0","0","0","0","1","0","0","0","0","0","0","0","0","0","0",0,0,0,0,1
"11","pl2003098",5,"2003","elk lake","grant","mn","-95.802646","45.866267","0","0","0","0","1","0","0","0","0","0","0","0","0","0","0","0","0","0","0","0","0","1","0","0","0","0","0","0","0","0","0","0","0","0","0",1,0,0,0,0
"12","s2003150",5,"2003","fox lake","rice","mn","-93.3236","44.3922 ",NA,NA,NA,NA,NA,NA,NA,NA,NA,NA,NA,NA,NA,NA,NA,NA,NA,NA,NA,NA,NA,NA,NA,NA,NA,NA,NA,NA,NA,NA,NA,NA,NA,NA,NA,0,0,0,0,1
"13","s2003151",5,"2003","circle lake","rice","mn","-93.3459","44.4141",NA,NA,NA,NA,NA,NA,NA,NA,NA,NA,NA,NA,NA,NA,NA,NA,NA,NA,NA,NA,NA,NA,NA,NA,NA,NA,NA,NA,NA,NA,NA,NA,NA,NA,NA,0,0,0,0,1
"14","s2003171",6,"2003","hallet's pond","nicollet","mn","-93.952646","44.338106","1","0","0","0","0","0","0","0","0","0","0","0","0","0","0","0","0","0","0","0","0","0","0","0","1","0","0","0","0","0","0","0","0","0","0",0,0,0,0,1
"15","pl2003121",7,"2003","big stone lake","big stone","mn","-96.7012","45.4258  ","0","0","0","0","1","0","0","0","0","0","0","0","0","0","0","0","0","0","0","0","0","1","0","0","0","0","0","0","0","0","0","0","0","0","0",1,0,0,0,0
"16","s2003205",7,"2003","","goodhue","mn",NA,"","0","0","0","1","1","0","0","0","0","0","0","0","0","0","0","0","1","0","0","0","0","1","0","0","0","0","0","0","0","0","0","0","0","0","0",0,1,0,0,0
"17","s2003212",8,"2003","lake calhoun","hennepin","mn","-93.312","44.9421  ","1","0","0","0","0","0","0","0","0","0","0","0","0","0","0","0","0","0","0","0","0","0","1","0","0","0","0","0","0","0","0","0","0","0","0",0,0,0,0,1
"18","s2003224",8,"2003","mink lake","wright","mn","-94.023599","45.272577","1","0","0","0","0","0","0","0","0","0","0","0","0","0","0","0","0","0","0","0","0","0","1","0","0","0","0","0","0","0","0","0","0","0","0",0,1,0,0,0
"19","s2003226",8,"2003","bassett creek","hennepin","mn","-93.354906","45.013178","1","0","0","0","0","0","0","0","0","0","0","0","0","0","0","0","0","0","0","0","0","0","0","0","1","0","0","0","0","0","0","0","0","0","0",0,1,0,0,0
"20","pl2003150",8,"2003","jewett creek","meeker","mn","-94.551422","45.12914","0","0","0","1","0","0","0","0","0","0","1","0","0","0","0","0","0","0","0","0","0","0","0","0","0","0","0","0","0","0","0","0","0","0","0",1,0,0,0,0
"21","s2003231",8,"2003","gull lake","cass","mn","-94.334078","46.456247","0","0","0","0","0","1","0","0","0","0","0","0","0","0","0","0","0","0","0","0","0","0","0","0","0","0","0","0","0","0","0","0","0","0","1",0,1,0,0,0
"22","s2003233",8,"2003","red river","clay","mn","-96.77168","46.874448","0","1","0","1","0","0","0","0","0","0","0","0","0","0","0","0","1","0","0","0","1","0","0","0","0","0","0","0","0","0","0","0","1","0","0",1,0,0,0,0
"23","s2003234",8,"2003","jewett creek","meeker","mn","-94.551422","45.12914",NA,NA,NA,NA,NA,NA,NA,NA,NA,NA,NA,NA,NA,NA,NA,NA,NA,NA,NA,NA,NA,NA,NA,NA,NA,NA,NA,NA,NA,NA,NA,NA,NA,NA,NA,0,0,0,1,0
"24","pl2003153",8,"2003","red river","","mn",NA,"","0","0","0","1","0","0","0","0","0","0","0","0","0","0","0","0","0","0","0","0","0","0","0","0","0","0","0","0","0","1","0","0","0","0","0",1,0,0,0,0
"25","pl2003155 (s2003243)",9,"2003","sleepy eye lake ","brown","mn","-94.734247","44.308174","0","0","1","0","0","0","0","0","0","0","0","0","0","0","0","0","0","0","1","0","0","0","0","0","0","0","0","0","0","0","0","0","0","0","0",1,0,0,0,0
"26","s2003267",10,"2003","le sueur river","blue earth","mn","-94.052379","44.124417","0","1","0","0","1","0","0","0","0","0","0","0","0","0","1","0","0","0","0","0","1","0","0","0","0","0","0","0","0","0","0","0","0","0","0",1,0,0,0,0
"27","pl2003240",10,"2003","yellow medicine river","yellow medicine","mn","-95.538964","44.652414","0","1","0","1","0","0","0","0","0","0","0","0","0","0","0","0","1","0","0","0","1","0","0","0","0","0","0","0","0","0","0","0","0","0","0",1,0,0,0,0
"28","s2003300",11,"2003","rainy river","koochiching","mn","-93.40261","48.602535","0","0","0","0","0","0","1","0","0","0","0","0","0","0","0","0","0","0","0","1","0","0","0","0","0","0","0","0","0","0","0","0","0","0","0",0,0,0,1,0
"29","s2004037",3,"2004","mississipi river","hennepin","mn",NA,"","0","0","0","0","1","0","0","0","0","0","0","0","0","0","0","0","0","0","0","0","0","1","0","0","0","0","0","0","0","0","0","0","0","0","0",1,0,0,0,0
"30","s2004055",3,"2004","smetana lake","hennepin","mn","-93.4139","44.8629 ","0","0","0","0","1","0","0","0","0","0","0","0","0","0","0","0","0","0","0","0","0","1","0","0","0","0","0","0","0","0","0","0","0","0","0",0,0,1,0,0
"31","s2004056",3,"2004","","olmstead","mn",NA,"","1","0","0","0","0","0","0","0","0","0","0","0","0","0","0","0","0","0","0","0","0","0","0","0","1","0","0","0","0","0","0","0","0","0","0",0,0,1,0,0
"32","s2004057",3,"2004","south twin lake","hennepin","mn","-95.6448","47.2325 ","1","1","1","0","1","0","0","0","0","0","0","0","0","0","0","0","0","0","0","0","1","1","0","0","1","0","0","0","0","0","0","0","0","0","0",0,0,1,0,0
"33","pl2004041",4,"2004","east toqua lake","big stone","mn","-96.4436","45.5614  ","0","0","0","0","1","0","0","0","0","0","0","0","0","0","0","0","0","0","0","0","0","1","0","0","0","0","0","0","0","0","0","0","0","0","0",1,0,0,0,0
"34","s2004064",4,"2004","saunders lake","hennepin","mn","-93.6911","44.9288 ","1","0","0","0","0","0","0","0","0","0","0","0","0","0","0","0","0","0","0","0","0","0","0","0","1","0","0","0","0","0","0","0","0","0","0",0,0,1,0,0
"35","s2003062",4,"2004","diamond lake","hennepin","mn","-93.269375","44.90029","0","0","0","0","1","0","0","0","0","0","0","0","0","0","1","0","0","0","0","0","0","0","0","0","0","0","0","0","0","0","0","0","0","0","0",0,0,1,0,0
"36","s2004065",4,"2004","","olmstead","mn",NA,"","1","0","0","0","0","0","0","0","0","0","0","0","0","0","0","0","0","0","0","0","0","0","0","0","1","0","0","0","0","0","0","0","0","0","0",0,0,1,0,0
"37","s2004130",6,"2004","minneopa creek","blue earth","mn","-94.095838","44.150926","0","0","1","0","0","0","0","0","0","0","0",NA,NA,NA,NA,NA,NA,NA,NA,NA,NA,NA,NA,NA,NA,NA,NA,NA,NA,NA,NA,NA,NA,NA,NA,1,0,0,0,0
"38","s2004137",6,"2004","lake harriet","hennepin","mn","-93.3054","44.922  ","1","0","0","0","0","0","0","0","0","0","0","0","0","0","0","0","0","0","0","0","0","0","1","0","0","0","0","0","0","0","0","0","0","0","0",1,0,0,0,0
"39","pl2004121",6,"2004","hassel lake","swift","mn","-95.5697","45.3895 ","0","0","0","0","1","0","0","0","0","0","0","0","0","0","0","0","0","0","0","0","0","1","0","0","0","0","0","0","0","0","0","0","0","0","0",1,0,0,0,0
"40","s2004151",7,"2004","","brown","mn",NA,"","0","0","0","1","0","0","0","0","0","0","1","0","0","0","0","0","0","0","0","0","0","0","0","0","0","0","0","0","0","0","0","0","0","0","0",0,0,0,1,0
"41","s2004173",7,"2004","","brown","mn",NA,"","0","0","1","1","0","0","0","0","0","0","1","0","0","0","0","0","0","0","1","0","0","0","0","0","0","0","0","0","0","0","0","0","0","0","0",0,0,0,1,0
"42","s2004161",7,"2004","elm creek","hennepin","mn",NA,"","1","0","1","0","0","0","0","0","0","0","0","0","0","0","0","0","0","0","0","0","0","0","1","0","1","0","0","0","0","0","0","0","0","0","0",0,1,0,0,0
"43","s2004168",8,"2004","round lake","becker","mn","-95.543234","47.038514","1","1","0","1","0","0","0","0","1","0","1","0","0","0","0","0","0","1","0","0","1","0","1","0","1","0","0","0","0","0","0","0","0","0","0",0,1,0,0,0
"44","s2004174",8,"2004","","olmstead","mn",NA,"",NA,NA,NA,NA,NA,NA,NA,NA,NA,NA,NA,NA,NA,NA,NA,NA,NA,NA,NA,NA,NA,NA,NA,NA,NA,NA,NA,NA,NA,NA,NA,NA,NA,NA,NA,0,1,0,0,0
"45","pl2004147",8,"2004","big carnelian lake","washington","mn","-94.2744","45.3674 ","1","0","0","0","1","0","0","0","0","0","0","0","0","0","0","0","0","0","0","0","0","1","0","0","1","0","0","0","0","0","0","0","0","0","0",1,0,0,0,0
"46","s2004208",9,"2004","lake benton","lincoln","mn","-96.2554","44.2872 ","0","0","0","1","0","0","0","0","0","0","0","0","0","0","0","0","0","0","0","0","0","0","0","0","0","0","0","0","0","0","0","0","0","0","0",1,0,0,0,0
"47","s2004249",12,"2004","st.croix river","washington","mn","-92.809442","45.056364",NA,NA,NA,NA,NA,NA,NA,NA,NA,NA,"0","0","0","0","0","0","0","0","0","0","0","0","0","0","0","0","0","0","0","0","1","0","0","0","0",0,0,1,0,0
"48","s2005025",3,"2005","mississipi river","wright","mn","-93.776005","45.299951","1","0","0","1","1","0","0","0","0","0","0","0","0","1","0","0","1","0","0","0","0","1","0","0","1","0","0","0","0","0","0","0","0","0","0",1,0,0,0,0
"49","s2005049",3,"2005","stump lake","stearns","mn","-94.3998","45.5796","1","0","0","0","0","0","0","0","0","0","0","0","0","0","0","0","0","0","0","0","0","0","0","0","1","0","0","0","0","0","0","0","0","0","0",0,0,1,0,0
"50","pl2005066",4,"2005","eagle lake","blue earth","mn","-93.8926","44.1889","1","0","0","0","0","0","0","0","0","0","0","0","0","0","0","0","0","0","0","0","0","0","1","0","0","0","0","0","0","0","0","0","0","0","0",1,0,0,0,0
"51","s2005100",4,"2005","mississipi river","goodhue","mn","-92.545815","44.566713","1","0","0","1","0","0","0","0","0","0","0","0","0","1","0","0","1","0","0","0","0","1","0","0","1","0","0","0","0","0","0","0","0","0","0",0,0,0,1,0
"52","s2005114",5,"2005","twin lake","hennepin","mn","-93.340588","45.04569","1","0","1","0","1","0","0","0","0","0","0","0","0","0","0","0","0","0","1","0","0","1","1","0","0","0","0","0","0","0","0","0","0","0","0",0,0,0,0,1
"53","s2005115",6,"2005","parkers lake","hennepin","mn","-93.4718","44.9935","1","0","0","0","0","0","0","0","0","0","0","0","0","0","0","0","0","0","0","0","0","0","0","0","1","0","0","0","0","0","0","0","0","0","0",0,0,0,0,1
"54","s2005117",6,"2005","rush lake","sherburne","mn","-93.9331","45.4909","1","0","0","0","0","0","0","0","0","0","0","0","0","0","0","0","0","0","0","0","0","0","1","0","0","0","0","0","0","0","0","0","0","0","0",0,0,0,0,1
"55","s2005118",6,"2005","julia lake","sherburne","mn","-94.8894","47.6689","1","0","0","0","0","0","0","0","0","0","0","0","0","0","0","0","0","0","0","0","0","0","1","0","0","0","0","0","0","0","0","0","0","0","0",0,0,0,0,1
"56","pl2005105",6,"2005","julia lake","beltrami","mn","-94.8894","47.6689","1","0","0","0","0","0","0","0","0","0","0","0","0","0","0","0","0","0","0","0","0","0","1","0","1","0","0","0","0","0","0","0","0","0","0",0,0,0,0,1
"57","pl2005106",6,"2005","julia lake","beltrami","mn","-94.8894","47.6689","1","0","0","0","0","0","0","0","0","0","0","0","0","0","0","0","0","0","0","0","0","0","1","0","0","0","0","0","0","0","0","0","0","0","0",1,0,0,0,0
"58","s2005127",6,"2005","spring lake","scott","mn","-93.4722","44.7","1","0","0","0","0","0","0","0","0","0","0","0","0","0","0","0","0","0","0","0","0","0","0","0","1","0","0","0","0","0","0","0","0","0","0",0,0,0,0,1
"59","s2005128",6,"2005","fish lake","hennepin","mn","-93.4638","45.0932    ","1","0","0","0","0","0","0","0","0","0","0","0","0","0","0","0","0","0","0","0","0","0","1","0","0","0","0","0","0","0","0","0","0","0","0",0,0,0,0,1
"60","s2005130",6,"2005","linwood lake","anoka","mn","-93.11","45.3518  ","1","0","0","0","0","0","0","0","0","0","0","0","0","0","0","0","0","0","0","0","0","0","1","0","1","0","0","0","0","0","0","0","0","0","0",0,0,0,0,1
"61","pl2005116",6,"2005","spring lake","anoka","mn","-93.2322","45.1104 ","1","0","0","0","0","0","0","0","0","0","0","0","0","0","0","0","0","0","0","0","0","0","1","0","1","0","0","0","0","0","0","0","0","0","0",1,0,0,0,0
"62","pl2005117(s2005131)",6,"2005","willow creek","olmstead","mn","-92.48764","43.942266","1","0","0","0","0","0","0","0","0","0","0","0","0","0","0","0","0","0","0","0","0","0","1","0","1","0","0","0","0","0","0","0","0","0","0",0,0,0,0,1
"63","s2005139",6,"2005","sugar lake","wright","mn","-94.0378","45.3178   ","1","0","0","0","0","0","0","0","0","0","0","0","0","0","0","0","0","0","0","0","0","0","1","0","0","0","0","0","0","0","0","0","0","0","0",0,0,0,0,1
"64","pl2005121(s2005144)",6,"2005","clear lake","sherburne","mn","-94.0454","45.4462   ","1","0","0","0","0","0","0","0","0","0","0","0","0","0","0","0","0","0","0","0","0","0","1","0","0","0","0","0","0","0","0","0","0","0","0",1,0,0,0,0
"65","pl2005122(s2005146)",6,"2005","chub lake","carlton","mn","-92.4593","46.6236","1","0","0","0","0","0","0","0","0","0","0","0","0","0","0","0","0","0","0","0","0","0","1","0","0","0","0","0","0","0","0","0","0","0","0",1,0,0,0,0
"66","s2005152",7,"2005","beaver lake","steele","mn","-93.3498","43.8917 ","1","0","0","0","0","0","0","0","0","0","0","0","0","0","0","0","0","0","0","0","0","0","1","0","0","0","0","0","0","0","0","0","0","0","0",0,0,0,0,1
"67","s2005163",7,"2005","rice lake","faribault","mn",NA,"","0","0","1","0","0","0","0","0","0","0","0","0","0","0","0","0","0","0","1","0","0","0","0","0","0","0","0","0","0","0","0","0","0","0","0",1,0,0,0,0
"68","s2005181",7,"2005","","lyon","mn",NA,"","1","0","0","0","0","0","0","0","0","0","0","0","0","0","0","0","0","0","0","0","0","0","0","0","1","0","0","0","0","0","0","0","0","0","0",0,0,0,1,0
"69","s2005170",7,"2005","hanska lake","brown","mn","-94.6046","44.1373","1","0","0","0","0","0","0","0","0","0","0","0","0","0","0","0","0","0","0","0","0","0","1","0","0","0","0","0","0","0","0","0","0","0","0",1,0,0,0,0
"70","s2005173",7,"2005","ramsey lake","wright","mn","-93.9964","45.2103","1","0","0","0","0","0","0","0","0","0","0","0","0","0","0","0","0","0","0","0","0","0","0","0","1","0","0","0","0","0","0","0","0","0","0",1,0,0,0,0
"71","s2005180",7,"2005","lost lake","hennepin","mn","-93.4154","45.0307   ","1","1","0","0","0","0","0","0","0","0","0","0","0","1","0","0","0","0","0","0","0","0","0","0","1","0","1","0","0","0","0","0","0","0","0",1,0,0,0,0
"72","s2005186",7,"2005","bearcreek reserve","olmstead","mn","-92.464819","44.023841","1","0","0","1","0","0","0","0","0","0","0","0","0","0","0","0","1","0","0","0","0","0","1","0","1","0","0","0","0","0","0","0","0","0","0",0,0,0,0,1
"73","s2005207",8,"2005","rice lake","blue earth","mn","-93.8758","44.0486  ","0","0","0","1","0","0","0","0","0","0","0","0","0","0","0","0","1","0","0","0","0","0","0","0","0","0","0","0","0","0","0","0","0","0","0",1,0,0,0,0
"74","s2005192",8,"2005","lake emily","ramsey","mn","-93.1285","45.0405 ","1","0","0","0","0","0","0","0","0","0","0","0","0","0","0","0","0","0","0","0","0","0","1","0","1","0","0","0","0","0","0","0","0","0","0",0,1,0,0,0
"75","s2005200",8,"2005","bass lake","hennepin","mn","-93.4332","45.0537 ","1","0","0","0","0","0","0","0","0","0","0","0","0","0","0","0","0","0","0","0","0","0","0","0","1","0","0","0","0","0","0","0","0","0","0",0,0,0,1,0
"76","s2005208",8,"2005","rice lake","faribault","mn",NA,"","0","0","0","1","0","0","0","0","0","0","1","0","0","0","0","0","0","0","0","0","0","0","0","0","0","0","0","0","0","0","0","0","0","0","0",1,0,0,0,0
"77","pl2005150",8,"2005","blue earth river","blue earth","mn","-93.980198","44.176464","0","0","0","1","0","0","0","0","0","0","0","0","0","0","0","0","1","0","0","0","0","0","0","0","0","0","0","0","0","0","0","0","0","0","0",1,0,0,0,0
"78","pl2005157",8,"2005","ossawinnamakee lake","crow wing","mn","-94.2207","46.635","0","0","0","0","0","1","0","0","0","0","0","0","0","0","0","1","0","0","0","0","0","0","0","0","0","0","0","0","0","0","0","0","0","0","0",1,0,0,0,0
"79","pl2005159",8,"2005","blue earth river/wantowan river","blue earth","mn","-93.980198","44.176464","0","0","0","1","0","0","0","0","0","0","0","0","0","0","0","0","1","0","0","0","0","0","0","0","0","0","0","0","0","0","0","0","0","0","0",1,0,0,0,0
"80","pl2005161",8,"2005","cannon river","faribault","mn","-92.7348","44.567781","0","0","0","1","0","0","0","0","0","0","1","0","0","0","0","0","0","0","0","0","0","0","0","0","0","0","0","0","0","0","0","0","0","0","0",0,0,0,0,1
"81","pl2005163",9,"2005","wantowan river","blue earth","mn","-93.980198","44.176464","0","0","0","1","0","0","0","0","0","0","0","0","0","0","0","0","1","0","0","0","0","0","0","0","0","0","0","0","0","0","0","0","0","0","0",0,0,0,0,1
"82","pl2005166",9,"2005","hendricks lake","lincoln","mn","-96.4428","44.4914  ","0","0","0","0","1","0","0","0","0","0","0","0","0","0","0","0","0","0","0","0","0","1","0","0","0","0","0","0","0","0","0","0","0","0","0",1,0,0,0,0
"83","s2005227",9,"2005","little rock creek","nobles","mn","-95.597731","43.620984","0","0","1","1","1","0","0","0","0","0","1","0","0","0","1","0","0","0","1","0","0","1","0","0","0","0","0","0","0","0","0","0","0","0","0",1,0,0,0,0
"84","s2005281",12,"2005","cedar river","mower","mn","-92.972365","43.667391","1","0","0","0","0","0","0","0","0","0","0","0","0","0","0","0","0","0","0","0","0","0","0","0","1","0","0","0","0","0","0","0","0","0","0",1,0,0,0,0
"85","s2006034",4,"2006","little goose lake","ramsey","mn","-93.017422","45.070098 ","0","0","0","1","0","0","0","0","0","0","1","0","0","0","0","0","0","0","0","0","0","0","0","0","0","0","0","0","0","0","0","0","0","0","0",0,0,1,0,0
"86","s2006035",4,"2006","","scott","mn",NA,"","1","0","0","0","0","0","0","0","0","0","0","0","0","0","0","0","0","0","0","0","0","0","1","0","0","0","0","0","0","0","0","0","0","0","0",0,0,1,0,0
"87","pl2006068",4,"2006","","","mn",NA,"","1","0","0","0","0","0","0","0","0","0","0","0","0","0","0","0","0","0","0","0","0","0","0","0","1","0","0","0","0","0","0","0","0","0","0",0,1,0,0,0
"88","s2006039",4,"2006","tetonka lake","le sueur","mn","-93.6095","44.2305",NA,NA,NA,NA,NA,NA,NA,NA,NA,NA,NA,NA,NA,NA,NA,NA,NA,NA,NA,NA,NA,NA,NA,NA,NA,NA,NA,NA,NA,NA,NA,NA,NA,NA,NA,0,1,0,0,0
"89","pl2006077",4,"2006","","","mn",NA,"","1","0","0","0","0","0","0","0","0","0","0","0","0","0","0","0","0","0","0","0","0","0","0","0","1","0","0","0","0","0","0","0","0","0","0",1,0,0,0,0
"90","pl2006078",4,"2006","","","mn",NA,"","1","0","0","0","0","0","0","0","0","0","0","0","0","0","0","0","0","0","0","0","0","0","0","0","1","0","0","0","0","0","0","0","0","0","0",1,0,0,0,0
"91","s2006051",4,"2006","tetonka lake","le sueur","mn","-93.6095","44.2305","1","0","0","0","0","0","0","0","0","0","0","0","0","0","0","0","0","0","0","0","0","0","0","0","1","0","0","0","0","0","0","0","0","0","0",0,1,0,0,0
"92","pl2006097(s2006052)",5,"2006","beebe lake","wright","mn","-93.743","45.1743  ","1","0","0","0","0","0","0","0","0","0","0","0","0","0","0","0","0","0","0","0","0","0","0","0","1","0","0","0","0","0","0","0","0","0","0",1,0,0,0,0
"93","s2006073",6,"2006","locke lake","wright","mn","-93.9601","45.3602","1","1","0","0","0","0","0","0","0","0","0","0","0","0","0","0","0","0","0","0","1","0","0","0","1","0","0","0","1","0","0","0","0","0","0",1,0,0,0,0
"94","s2006075",6,"2006","cold spring creek","stearns","mn","-94.335199","45.475599,","0","0","0","0","0","1","0","0","0","0","0","0","0","0","0","0","0","0","0","0","0","0","0","1","0","0","0","0","0","0","0","0","0","0","0",1,0,0,0,0
"95","s2006081",6,"2006","shingle creek","hennepin","mn","-93.306995","45.048838","1","0","0","0","1","0","0","0","0","0","0","0","0","0","0","0","0","0","0","0","0","1","1","0","0","0","0","0","0","0","0","0","0","0","0",0,0,0,1,0
"96","pl2006110",6,"2006","cold brook spring","wabasha","mn","-92.425722","44.303067","0","0","0","0","0","1","0","0","0","0","0","0","0","0","0","0","0","0","0","0","0","0","0","1","0","0","0","0","0","0","0","0","0","0","0",1,0,0,0,0
"97","pl2006111",6,"2006","locke lake","wright","mn","-93.9601","45.3602","1","0","0","0","0","0","0","0","0","0","0","0","0","0","0","0","0","0","0","0","0","0","1","0","0","0","0","0","0","0","0","0","0","0","0",1,0,0,0,0
"98","s2006076",6,"2006","crystal lake","blue earth","mn","-94.2039","44.1085","0","0","0","1","0","0","0","0","0","0","0","0","0","0","0","0","0","0","0","0","0","0","0","0","0","0","0","0","0","0","0","0","0","0","0",0,0,0,0,1
"99","pl2006112(s2006082)",6,"2006","midge lake","hubbard","mn","-94.7177","47.3871","0","1","0","0","0","0","0","0","0","0","0","0","0","0","0","0","0","0","0","0","0","0","0","0","0","0","1","0","0","0","0","0","0","0","0",1,0,0,0,0
"100","s2006085",6,"2006","bald eagle lake","washington","mn","-93.016765","45.120932","1","0","0","0","0","0","0","0","0","0","0","0","0","0","0","0","0","0","0","0","0","0","1","0","1","0","0","0","0","0","0","0","0","0","0",0,0,0,0,1
"101","s2006086",6,"2006","square lake","washington","mn","-92.805329","45.156937","1","0","0","0","0","0","0","0","0","0","0","0","0","0","0","0","0","0","0","0","0","0","1","0","1","0","0","0","0","0","0","0","0","0","0",0,0,0,0,1
"102","s2006088",6,"2006","prior lake","scott","mn","-93.42518","44.714034","1","0","0","0","0","0","0","0","0","0","0","0","0","0","0","0","0","0","0","0","0","0","1","0","0","0","0","0","0","0","0","0","0","0","0",0,0,0,0,1
"103","s2006100",6,"2006","caribou lake","st.louis","mn","-92.311679","46.898065","1","0","0","0","0","0","0","0","0","0","0","0","0","0","0","0","0","0","0","0","0","0","0","0","1","0","0","0","0","0","0","0","0","0","0",1,0,0,0,0
"104","s2006083",6,"2006","forest lake","washington","mn","-92.9461","45.2739","1","0","0","0","0","0","0","0","0","0","0","0","0","0","0","0","0","0","0","0","0","0","1","0","0","0","0","0","0","0","0","0","0","0","0",0,0,0,0,1
"105","s2006087",6,"2006","dutch lake","anoka","mn","-94.054811","45.053121","1","0","0","0","0","0","0","0","0","0","0","0","0","0","0","0","0","0","0","0","0","0","1","0","0","0","0","0","0","0","0","0","0","0","0",0,0,0,0,1
"106","s2006090",6,"2006","washington lake","le sueur","mn","-93.868075","44.246514","1","0","0","0","0","0","0","0","0","0","0","0","0","0","0","0","0","0","0","0","0","0","1","0","0","0","0","0","0","0","0","0","0","0","0",1,0,0,0,0
"107","s2006091",6,"2006","beaver lake","steele","mn","-93.3498","43.8917 ","1","0","0","0","0","0","0","0","0","0","0","0","0","0","0","0","0","0","0","0","0","0","0","0","1","0","0","0","0","0","0","0","0","0","0",0,0,0,0,1
"108","pl2006113(s2006089)",6,"2006","reeds lake","waseca","mn","-93.613","44.187    ","1","0","0","0","0","0","0","0","0","0","0","0","0","0","0","0","0","0","0","0","0","0","1","0","0","0","0","0","0","0","0","0","0","0","0",1,0,0,0,0
"109","s2006092",6,"2006","vermillion river","dakota","mn","-92.816549","44.730399",NA,NA,NA,NA,NA,NA,NA,NA,NA,NA,"0","0","0","0","0","0","0","0","0","0","0","0","0","0","0","0","0","0","0","0","1","0","0","0","0",1,0,0,0,0
"110","s2006102",6,"2006","long lake","hennepin","mn","-93.555642","44.988472","1","0","0","0","0","0","0","0","0","0","0","0","0","0","0","0","0","0","0","0","0","0","1","0","0","0","0","0","0","0","0","0","0","0","0",1,0,0,0,0
"111","s2006111",6,"2006","round lake","le sueur","mn","-93.7475","44.2173","0","0","0","0","1","0","0","0","0","0","0","0","0","0","0","0","0","0","0","0","0","1","0","0","0","0","0","0","0","0","0","0","0","0","0",1,0,0,0,0
"112","s2006110",6,"2006","phelps lake","rice","mn","-93.5021","44.4543   ",NA,NA,NA,NA,NA,NA,NA,NA,NA,NA,NA,NA,NA,NA,NA,NA,NA,NA,NA,NA,NA,NA,NA,NA,NA,NA,NA,NA,NA,NA,NA,NA,NA,NA,NA,1,0,0,0,0
"113","s2006109",6,"2006","cody lake","rice","mn","-93.4966","44.4617 ",NA,NA,NA,NA,NA,NA,NA,NA,NA,NA,NA,NA,NA,NA,NA,NA,NA,NA,NA,NA,NA,NA,NA,NA,NA,NA,NA,NA,NA,NA,NA,NA,NA,NA,NA,1,0,0,0,0
"114","pl2006120",6,"2006","","","mn",NA,"","1","0","0","0","0","0","0","0","0","0","0","0","0","0","0","0","0","0","0","0","0","0","1","0","0","0","0","0","0","0","0","0","0","0","0",1,0,0,0,0
"115","s2006117",7,"2006","mooney lake","hennepin","mn","-93.5197","45.0007  ","1","0","0","0","0","0","0","0","0","0","0","0","0","0","0","0","0","0","0","0","0","0","1","0","0","0","0","0","0","0","0","0","0","0","0",1,0,0,0,0
"116","s2006116",7,"2006","sweeney lake","hennepin","mn","-93.3378","44.9932   ","1","0","0","0","0","0","0","0","0","0","0","0","0","0","0","0","0","0","0","0","0","0","1","0","0","0","0","0","0","0","0","0","0","0","0",1,0,0,0,0
"117","s2006123",7,"2006","oak lake","carver","mn","-93.795","44.9546  ","1","0","0","0","0","0","0","0","0","0","0","0","0","0","0","0","0","0","0","0","0","1","0","0","0","0","0","0","0","0","0","0","0","0","0",0,0,0,0,1
"118","s2006127",7,"2006","lester river","st.louis","mn","-92.002928","46.859971","0","0","0","0","0","1","0","0","0","0","0","0","0","0","0","0","0","0","0","0","0","0","0","1","0","0","0","0","0","0","0","0","0","0","0",1,0,0,0,0
"119","pl2006124",7,"2006","oak lake","pine","mn","-92.5946","46.3874  ","1","0","0","0","0","0","0","0","0","0","0","0","0","0","0","0","0","0","0","0","0","0","1","0","0","0","0","0","0","0","0","0","0","0","0",1,0,0,0,0
"120","s2006130",7,"2006","","blue earth","mn",NA,"","1","0","0","1","1","0","0","0","0","0","1","0","0","0","1","0","0","0","0","0","0","0","0","0","1","0","0","0","0","0","0","0","0","0","0",1,0,0,0,0
"121","s2006133",7,"2006","martin lake","anoka","mn","-93.0843","45.3846","1","0","0","0","0","0","0","0","0","0","0","0","0","0","0","0","0","0","0","0","0","0","1","0","0","0","0","0","0","0","0","0","0","0","0",1,0,0,0,0
"122","s2006140",7,"2006","red river","clay","mn","-96.77168","46.874448",NA,NA,NA,NA,NA,NA,NA,NA,NA,NA,NA,NA,NA,NA,NA,NA,NA,NA,NA,NA,NA,NA,NA,NA,NA,NA,NA,NA,NA,NA,NA,NA,NA,NA,NA,0,1,0,0,0
"123","s2006177",9,"2006","","","mn",NA,"","0","0","0","1","1","0","0","0","0","0","1","0","0","0","1","0","0","0","0","0","0","0","0","0","0","0","0","0","0","0","0","0","0","0","0",1,0,0,0,0
"124","s2006181",9,"2006","","","mn",NA,"","0","0","0","0","1","0","0","0","0","0","0","0","0","0","1","0","0","0","0","0","0","0","0","0","0","0","0","0","0","0","0","0","0","0","0",0,0,0,1,0
"125","pl2006181",9,"2006","","le sueur","mn",NA,"","0","0","0","0","1","0","0","0","0","0","0","0","0","0","1","0","0","0","0","0","0","0","0","0","0","0","0","0","0","0","0","0","0","0","0",0,0,0,1,0
"126","s2006209",11,"2006","mississipi river","ramsey","mn","-93.035926","44.766967",NA,NA,NA,NA,NA,NA,NA,NA,NA,NA,"0","0","0","0","0","0","0","0","0","0","0","0","0","0","0","0","0","0","0","0","1","0","0","0","0",0,0,0,1,0
"127","s2007005",1,"2007","zumbro river","goodhue","mn","-92.475304","44.217281","1","0","0","0","0","0","0","0","0","0","0","0","0","0","0","0","0","0","0","0","0","0","0","0","0","0","0","0","1","0","0","0","0","0","0",1,0,0,0,0
"128","s2007007",1,"2007","mississipi river","wright","mn","-93.792015","45.305655","1","1","0","1","1","0","0","0","0","0","0","0","1","1","1","0","1","0","0","0","1","0","0","0","1","0","0","0","0","0","0","1","0","0","0",0,0,0,1,0
"129","s2007033",3,"2007","mississipi river","wright","mn","-93.792015","45.305655","1","0","1","1","1","0","0","0","0","0","0","0","1","1","1","0","1","0","1","0","0","0","0","0","0","0","0","0","0","0","0","0","0","0","0",0,0,0,1,0
"130","pl2007031 (s2007032)",3,"2007","mississipi river","ramsey","mn","-93.035926","44.766967",NA,NA,NA,NA,NA,NA,NA,NA,NA,NA,"0","0","0","0","0","0","0","0","0","0","0","0","0","0","0","0","0","0","0","0","1","0","0","0","0",1,0,0,0,0
"131","s2007044",3,"2007","zumbro lake","olmstead","mn","-92.4617","44.1787  ","1","0","0","0","0","0","0","0","0","0","0","0","0","0","0","0","0","0","0","0","0","0","0","0","0","0","0","0","1","0","0","0","0","0","0",1,0,0,0,0
"132","s2007062",4,"2007","","","mn",NA,"","1","0","0","0","0","0","0","0","0","0","0","0","0","0","0","0","0","0","0","0","0","0","1","0","1","0","0","0","0","0","0","0","0","0","0",1,0,0,0,0
"133","pl2007052",4,"2007","tetonka lake","le sueur","mn","-93.6095","44.2305","1","0","0","0","0","0","0","0","0","0","0","0","0","0","0","0","0","0","0","0","0","0","0","0","1","0","0","0","0","0","0","0","0","0","0",1,0,0,0,0
"134","s2007107",6,"2007","lily lake","washington","mn","-92.823416","45.048669","1","0","0","1","0","0","0","0","0","0","1","0","0","0","0","0","0","0","0","0","0","0","1","0","1","0","0","0","0","0","0","0","0","0","0",0,0,0,0,1
"135","s2007108",6,"2007","coon lake","anoka","mn","-93.167106","45.299459","1","0","0","1","0","0","0","0","0","0","1","0","0","0","0","0","0","0","0","0","0","0","1","0","1","0","0","0","0","0","0","0","0","0","0",0,0,0,0,1
"136","s2007109",6,"2007","phalen lake","ramsey","mn","-93.054326","44.98994","1","0","0","1","0","0","0","0","0","0","1","0","0","0","0","0","0","0","0","0","0","0","1","0","1","0","0","0","0","0","0","0","0","0","0",0,0,0,0,1
"137","s2007110",6,"2007","","hennepin","mn",NA,"","1","0","0","1","0","0","0","0","0","0","1","0","0","0","0","0","0","0","0","0","0","0","1","0","1","0","0","0","0","0","0","0","0","0","0",0,0,0,0,1
"138","s2007116",6,"2007","weaver lake","hennepin","mn","-93.501157","45.109268","1","0","0","0","0","0","0","0","0","0","0","0","0","0","0","0","0","0","0","0","0","0","1","0","1","0","0","0","0","0","0","0","0","0","0",0,0,0,0,1
"139","s2007121",6,"2007","bass lake","hennepin","mn","-93.43604","45.055604","0","0","0","0","1","0","0","0","0","0","0","0","0","0","0","0","0","0","0","0","0","1","0","0","0","0","0","0","0","0","0","0","0","0","0",0,1,0,0,0
"140","s2007117",6,"2007","grand marais creek","polk","mn","-96.857424","47.863649","0","0","0","0","1","0","0","0","0","0","0","0","0","0","0","0","0","0","0","0","0","1","0","0","0","0","0","0","0","0","0","0","0","0","0",0,1,0,0,0
"141","pl2007098",6,"2007","lake harriet","hennepin","mn","-93.3054","44.922  ","1","0","0","0","0","0","0","0","0","0","0","0","0","0","0","0","0","0","0","0","0","0","0","0","1","0","0","0","0","0","0","0","0","0","0",1,0,0,0,0
"142","pl2007099",6,"2007","lake harriet","hennepin","mn","-93.3054","44.922  ","0","0","0","0","0","0","0","1","0","0","0","0","0","0","0","0","0","0","0","0","0","0","0","0","0","1","0","0","0","0","0","0","0","0","0",1,0,0,0,0
"143","pl2007100",6,"2007","lake calhoun","hennepin","mn","-93.312","44.9421  ","1","0","0","0","0","0","0","0","0","0","0","0","0","0","0","0","0","0","0","0","0","0","0","0","1","0","0","0","0","0","0","0","0","0","0",1,0,0,0,0
"144","pl2007101",6,"2007","lake calhoun","hennepin","mn","-93.312","44.9421  ","1","0","0","0","0","0","0","0","0","0","0","0","0","0","0","0","0","0","0","0","0","0","0","0","1","0","0","0","0","0","0","0","0","0","0",1,0,0,0,0
"145","pl2007104",6,"2007","lake calhoun","hennepin","mn","-93.312","44.9421  ","1","0","0","0","0","0","0","0","0","0","0","0","0","0","0","0","0","0","0","0","0","0","0","0","1","0","0","0","0","0","0","0","0","0","0",0,0,0,0,1
"146","pl2007105",6,"2007","crystal lake","dakota","mn","-93.2671","44.7216","1","0","0","0","0","0","0","0","0","0","0","0","0","0","0","0","0","0","0","0","0","0","0","0","1","0","0","0","0","0","0","0","0","0","0",1,0,0,0,0
"147","pl2007108",6,"2007","south twin lake","mannhomen","mn","-95.6448","47.2325 ","1","0","0","0","0","0","0","0","0","0","0","0","0","0","0","0","0","0","0","0","0","0","0","0","1","0","0","0","0","0","0","0","0","0","0",0,0,0,0,1
"148","s2007136",7,"2007","tanners lake","washington","mn","-92.981285","44.950752","1","0","0","0","0","0","0","0","0","0","0","0","0","0","0","0","0","0","0","0","0","0","0","0","1","0","0","0","0","0","0","0","0","0","0",1,0,0,0,0
"149","pl2007111 (s2007137)",7,"2007","clear lake","waseca","mn","-93.482623","44.090113","1","0","0","0","0","0","0","0","0","0","0","0","0","0","0","0","0","0","0","0","0","0","1","0","1","0","0","0","0","0","0","0","0","0","0",1,0,0,0,0
"150","s2007141",7,"2007","cannon lake","le sueur","mn","-93.356579","44.269382","0","1","0","0","1","0","0","0","1","0","0","0","0","0","1","0","0","1","0","0","0","0","0","0","0","0","1","0","0","0","0","0","0","0","0",1,0,0,0,0
"151","pl2007113",7,"2007","meadow lake","becker","mn","-95.8714","46.7533  ","0","0","0","1","0","0","0","0","0","0","1","0","0","0","0","0","0","0","0","0","0","0","0","0","0","0","0","0","0","0","0","0","0","0","0",1,0,0,0,0
"152","pl2007121",7,"2007","games lake","kandiyohi","mn","-95.1006","45.3329  ","0","0","0","0","0","0","0","0","1","0","0","0","0","0","0","0","0","1","0","0","0","0","0","0","0","0","0","0","0","0","0","0","0","0","0",1,0,0,0,0
"153","s2007157",7,"2007","lake emily","pope","mn","-95.673218","45.515792","0","0","0","0","1","0","0","0","0","0","0","0","0","0","0","0","0","0","0","0","0","1","0","0","0","0","0","0","0","0","0","0","0","0","0",1,0,0,0,0
"154","pl2007126",7,"2007","mille lacs lake","mille lacs","mn","-93.6437","46.2385 ","0","1","0","0","0","0","0","0","0","0","0","0","0","0","0","0","0","0","0","0","0","0","0","0","0","0","1","0","0","0","0","0","0","0","0",1,0,0,0,0
"155","pl2007129",8,"2007","upper red lake","beltrami","mn","-94.759104","48.13496","0","0","0","0","0","0","0","0","1","0","0","0","0","0","0","0","0","1","0","0","0","0","0","0","0","0","0","0","0","0","0","0","0","0","0",1,0,0,0,0
"156","pl2007131",8,"2007","ringo lake","kandiyohi","mn","-95.0133","45.2283 ","1","0","0","0","0","0","0","0","0","0","0","0","0","0","0","0","0","0","0","0","0","0","1","0","0","0","0","0","0","0","0","0","0","0","0",1,0,0,0,0
"157","pl2007132",8,"2007","lake calhoun","hennepin","mn","-93.312","44.9421  ","1","0","0","0","0","0","0","0","0","0","0","0","1","0","0","0","0","0","0","0","0","0","0","0","0","0","0","0","0","0","0","0","0","0","0",1,0,0,0,0
"158","pl2007133",8,"2007","upper red lake","beltrami","mn","-94.759104","48.13496","0","0","0","0","0","0","0","0","1","0","0","0","0","0","0","0","0","1","0","0","0","0","0","0","0","0","0","0","0","0","0","0","0","0","0",1,0,0,0,0
"159","pl2007134",8,"2007","nest lake","kandiyohi","mn","-94.9606","45.2603","1","0","0","0","0","0","0","0","0","0","0","0","0","0","0","0","0","0","0","0","0","0","1","0","0","0","0","0","0","0","0","0","0","0","0",0,0,0,0,1
"160","pl2007135",8,"2007","big kandiyohi lake","kandiyohi","mn","-94.9461","44.9953","0","0","0","0","1","0","0","0","0","0","0","0","0","0","0","0","0","0","0","0","0","1","0","0","0","0","0","0","0","0","0","0","0","0","0",0,0,0,0,1
"161","s2007192",8,"2007","","","mn",NA,"","0","0","0","0","0","1","0","0","0","0","0","0","0","0","0","1","0","0","0","0","0","0","0","0","0","0","0","0","0","0","0","0","0","0","0",1,0,0,0,0
"162","s2007203",8,"2007","cottonwood river","redwood","mn","-95.876223","44.261587","0","0","0","0","1","0","0","0","0","0","0","0","0","0","0","0","0","0","0","0","0","1","0","0","0","0","0","0","0","0","0","0","0","0","0",1,0,0,0,0
"163","pl2007146",9,"2007","florida lake","kandiyohi","mn","-95.0558","45.2518   ","1","0","0","0","0","0","0","0","0","0","0","0","0","0","0","0","0","0","0","0","0","0","1","0","0","0","0","0","0","0","0","0","0","0","0",1,0,0,0,0
"164","pl2007147",9,"2007","george lake","anoka","mn","-93.337725","45.357305","1","0","0","1","0","0","0","0","0","0","1","0","0","0","0","0","0","0","0","0","0","0","1","0","0","0","0","0","0","0","0","0","0","0","0",1,0,0,0,0
"165","pl2007148",9,"2007","pelican lake","otter tail","mn","-96.0199","46.6985","1","0","0","0","0","0","0","0","0","0","0","0","0","0","0","0","0","0","0","0","0","0","1","0","0","0","0","0","0","0","0","0","0","0","0",1,0,0,0,0
"166","pl2007154 (s2007208)",9,"2007","red river","polk","mn","-96.623918","47.771978","0","0","0","1","0","0","0","0","0","0","0","0","0","0","0","0","1","0","0","0","0","0","0","0","0","0","0","0","0","0","0","0","0","0","0",1,0,0,0,0
"167","pl2007155",9,"2007","uon lake","douglas","mn","-95.3423","45.8173   ","1","0","0","0","0","0","0","0","0","0","0","0","0","0","0","0","0","0","0","0","0","0","1","0","0","0","0","0","0","0","0","0","0","0","0",1,0,0,0,0
"168","pl2007173",9,"2007","red river","","mn",NA,"","0","0","0","1","0","0","0","0","0","0","0","0","0","0","0","0","1","0","0","0","0","0","0","0","0","0","0","0","0","0","0","0","0","0","0",0,0,0,0,1
"169","pl2007281",11,"2007","mississipi river","hennepin","mn","-93.208859","44.965085","1","0","0","0","0","0","0","0","0","0","0","0","0","0","0","0","0","0","0","0","0","0","0","0","1","0","0","0","0","0","0","0","0","0","0",0,0,0,0,1
"170","pl2008002(s2008002)",1,"2008","mississipi river","hennepin","mn","-93.208859","44.965085","1","0","0","0","0","0","0","0","0","0","0","0","0","0","0","0","0","0","0","0","0","0","1","0","0","0","0","0","0","0","0","0","0","0","0",0,0,0,1,0
"171","s2008052",4,"2008","mississipi river","hennepin","mn","-93.208859","44.965085","1","0","0","0","0","0","0","0","0","0","0","0","0","0","0","0","0","0","0","0","0","0","1","0","0","0","0","0","0","0","0","0","0","0","0",0,0,0,1,0
"172","pl2008095",5,"2008","okabena lake","nobles","mn","-95.6174","43.613   ","1","0","0","0","0","0","0","0","0","0","0","0","0","0","0","0","0","0","0","0","0","0","1","0","0","0","0","0","0","0","0","0","0","0","0",0,0,0,0,1
"173","pl2008098",5,"2008","grace lake","hubbard","mn","-94.7454","47.4081 ","1","0","0","0","0","0","0","0","0","0","0","0","1","0","0","0","0","0","0","0","0","0","0","0","1","0","0","0","0","0","0","0","0","0","0",0,0,0,0,1
"174","pl2008123",5,"2008","mille lacs lake","mille lacs","mn","-93.6437","46.2385 ","0","1","0","0","0","0","0","0","0","0","0","0","0","0","0","0","0","0","0","0","0","0","0","0","0","0","1","0","0","0","0","0","0","0","0",1,0,0,0,0
"175","s2008102",6,"2007","lake of the woods","lake of the woods","mn","-94.726431","48.555282","0","0","1","0","0","0","0","0","0","0","0","0","0","0","0","0","0","0","1","0","0","0","0","0","0","0","0","0","0","0","0","0","0","0","0",1,0,0,0,0
"176","s2008101",6,"2008","bald eagle lake","ramsey","mn","-93.0141","45.1182 ","1","0","0","0","0","0","0","0","0","0","0","0","0","0","0","0","0","0","0","0","0","0","1","0","0","0","0","0","0","0","0","0","0","0","0",0,0,0,0,1
"177","s2008106",6,"2008","spring lake","scott","mn","-93.4722","44.7","1","0","0","0","0","0","0","0","0","0","0","0","0","0","0","0","0","0","0","0","0","0","0","0","1","0","0","0","0","0","0","0","0","0","0",0,0,0,0,1
"178","s2008122",6,"2008","sleepy eye lake ","brown","mn","-94.734247","44.308174","1","0","0","1","0","0","0","0","0","0","1","0","1","0","0","0","0","0","0","0","0","0","0","0","1","0","0","0","0","0","0","0","0","0","0",1,0,0,0,0
"179","s2008115",6,"2008","st.louis river","st.louis","mn","-92.102221","46.810531","0","0","1","0","0","0","0","0","0","0","0","0","0","0","0","0","0","0","1","0","0","0","0","0","0","0","0","0","0","0","0","0","0","0","0",0,0,0,0,1
"180","pl2008144",6,"2008","pelican lake","otter tail","mn","-96.0199","46.6985","1","0","0","0","0","0","0","0","0","0","0","0","0","0","0","0","0","0","0","0","0","0","0","0","1","0","0","0","0","0","0","0","0","0","0",0,0,0,0,1
"181","pl2008151",7,"2008","shell rock river","freeborn","mn","-93.016196","43.580325","0","0","0","1","0","0","0","0","0","0","1","0","0","0","0","0","0","0","0","0","0","0","0","0","0","0","0","0","0","0","0","0","0","0","0",1,0,0,0,0
"182","pl2008152",7,"2008","boise de sioux river","","mn",NA,"","0","0","0","0","1","0","0","0","0","0","0","0","0","0","0","0","0","0","0","0","0","1","0","0","0","0","0","0","0","0","0","0","0","0","0",0,0,0,0,1
"183","pl2008161",7,"2008","portage lake","otter tail","mn","-95.5302","46.4178","1","0","0","0","0","0","0","0","0","0","0","0","0","0","0","0","0","0","0","0","0","0","1","0","1","0","0","0","0","0","0","0","0","0","0",1,0,0,0,0
"184","pl2008162",7,"2008","straight lake","becker","mn","-95.2675","46.943   ","1","0","0","0","0","0","0","0","0","0","0","0","0","0","0","0","0","0","0","0","0","0","0","0","1","0","0","0","0","0","0","0","0","0","0",1,0,0,0,0
"185","pl2008175",8,"2008","lake lillian","kandiyohi","mn","-94.8752","44.9635   ","0","0","0","0","1","0","0","0","0","0","0","0","0","0","0","0","0","0","0","0","0","1","0","0","0","0","0","0","0","0","0","0","0","0","0",0,0,0,0,1
"186","s2008155",8,"2008","","nobles","mn",NA,"","0","1","1","0","0","0","0","0","0","0","0","0","0","0","0","0","0","0","1","0","0","0","0","0","0","0","1","0","0","0","0","0","0","0","0",1,0,0,0,0
"187","pl2008186",8,"2008","minnewashta lake","carver","mn","-93.6052","44.8786  ","1","0","0","0","0","0","0","0","0","0","0","0","0","0","0","0","0","0","0","0","0","0","1","0","0","0","0","0","0","0","0","0","0","0","0",0,0,0,0,1
"188","s2008188",9,"2008","coon creek","faribault","mn","-94.065131","43.579731","0","0","0","1","1","0","0","0","0","0","1","0","0","0","1","0","0","0","0","0","0","0","0","0","0","0","0","0","0","0","0","0","0","0","0",0,0,0,1,0
"189","pl2008218",10,"2008","armstrong lake","st.louis","mn","-92.0797","47.8494  ","0","0","0","1","0","0","0","0","0","0","1","0","0","0","0","0","0","0","0","0","0","0","0","0","0","0","0","0","0","0","0","0","0","0","0",0,0,0,0,1
"190","s2009009",2,"2009","st.croix river","washington","mn","-92.809442","45.056364",NA,NA,NA,NA,NA,NA,NA,NA,NA,NA,"0","0","0","0","0","0","0","0","0","0","0","0","0","0","0","0","0","0","0","0","1","0","0","0","0",0,0,1,0,0
"191","s2009014",3,"2009","mississipi river","wright","mn","-92.100125","46.755088","0","0","0","0","1","0","0","0","0","0","0","0","0","0","1","0","0","0","0","0","0","0","0","0","0","0","0","0","0","0","0","0","0","0","0",0,0,0,1,0
"192","pl2009042",3,"2009","mississipi river","","mn",NA,"","1","0","0","0","0","0","0","0","0","0","0","0","0","1","0","0","0","0","0","0","0","0","0","0","0","0","0","0","0","0","0","1","0","0","0",1,0,0,0,0
"193","pl2009043",3,"2009","mississipi river","crow wing","mn",NA,"","1","0","0","0","0","0","0","0","0","0","0","0","0","1","0","0","0","0","0","0","0","0","0","0","0","0","0","0","0","0","0","0","0","0","0",1,0,0,0,0
"194","s2009056",4,"2009","","ramsey","mn",NA,"","0","0","0","0","1","0","0","0","0","0","0","0","0","0","0","0","0","0","0","0","0","1","0","0","0","0","0","0","0","0","0","0","0","0","0",0,0,0,1,0
"195","pl2009101 (s2009069)",4,"2009","whitewater river","winona","mn","-91.954836","44.200455","0","0","0","0","1","1","0","1","0","0","0","1","0","0","1","0","0","0","0","0","0","0","0","0","0","1","0","0","0","0","0","0","0","0","0",1,0,0,0,0
"196","s2009085",5,"2009","split rock creek","pipestone","mn","-96.364021","43.898868","1","0","0","0","1","0","0","0","0","0","1","0","0","0","1","0","0","0","0","0","0","0","0","0","0","0","0","0","0","0","0","0","0","0","0",0,0,0,1,0
"197","s2009082",5,"2009","beaver creek","winona","mn","-91.581609","43.648493","0","0","0","0","0","1","0","0","0","0","0","0","0","0","0","0","0","0","0","0","0","0","0","1","0","0","0","0","0","0","0","0","0","0","0",0,0,0,1,0
"198","s2009116",6,"2009","beaver lake","steele","mn","-93.3498","43.8917 ","1","0","0","0","0","0","0","0","0","0","0","0","0","0","0","0","0","0","0","0","0","0","0","0","1","0","0","0","0","0","0","0","0","0","0",1,0,0,0,0
"199","s2009147",7,"2009","roberds lake","rice","mn","-93.3447","44.3289",NA,NA,NA,NA,NA,NA,NA,NA,NA,NA,NA,NA,NA,NA,NA,NA,NA,NA,NA,NA,NA,NA,NA,NA,NA,NA,NA,NA,NA,NA,NA,NA,NA,NA,NA,1,0,0,0,0
"200","pl2009265",8,"2009","hook lake","hubbard","mn","-95.052648","46.919597","1","0","0","0","0","0","0","0","0","0","0","0","0","0","0","0","0","0","0","0","0","0","1","0","0","0","0","0","0","0","0","0","0","0","0",0,0,0,0,1
"201","s2009170",8,"2008","twin pond","st.louis","mn","-92.123294","46.778346","0","0","0","0","1","1","0","0","0","0","0","0","0","0","1","0","0","0","0","0","0","0","0","1","0","0","0","0","0","0","0","0","0","0","0",0,1,0,0,0
"202","pl2009334",9,"2009","cedar lake","scott","mn","-93.5214","44.5889 ","0","0","0","0","0","1","0","0","0","0","0","0","0","0","0","1","0","0","0","0","0","0","0","0","0","0","0","0","0","0","0","0","0","0","0",1,0,0,0,0
"203","s2009193",9,"2009","","","mn",NA,"","1","0","1","0","1","0","0","0","0","0","0","0","0","0","0","0","0","0","1","0","0","1","0","0","1","0","0","0","0","0","0","0","0","0","0",0,1,0,0,0
"204","s2010053",4,"2010","mississipi river","goodhue","mn","-92.691341","44.649325","1","0","0","0","1","0","0","1","0","0","0","0","0","0","1","0","0","0","0","0","0","1","0","0","1","0","0","0","0","0","0","0","0","0","0",0,0,0,1,0
"205","pl2010161",5,"2010","lake superior","st.louis","mn","-92.094744","46.784269","0","0","0","0","0","0","1","0","0","0","0","0","0","0","0","0","0","0","0","1","0","0","0","0","0","0","0","0","0","0","0","0","0","0","0",1,0,0,0,0
"206","s2010089",5,"2010","spring lake","scott","mn","-93.4722","44.7","1","0","0","0","0","0","0","0","0","0","0","0","0","0","0","0","0","0","0","0","0","0","1","0","1","0","0","0","0","0","0","0","0","0","0",1,0,0,0,0
"207","s2010094",5,"2010","lake minnetonka","hennepin","mn","-93.633964","44.909098","1","0","0","0","0","0","0","0","0","0","0","0","0","0","0","0","0","0","0","0","0","0","1","0","1","0","0","0","0","0","0","0","0","0","0",1,0,0,0,0
"208","pl2010191",6,"2010","midge lake","hubbard","mn","-94.7177","47.3871","0","1","0","0","0","0","0","0","0","0","0","0","0","0","0","0","0","0","0","0","0","0","0","0","0","0","1","0","0","0","0","0","0","0","0",0,0,0,0,1
"209","s2009114",6,"2009","bald eagle lake","washington","mn","-93.016765","45.120932","1","0","0","0","0","0","0","0","0","0","0","0","0","0","0","0","0","0","0","0","0","0","0","0","1","0","0","0","0",NA,"0","0","0","0","0",1,0,0,0,0
"210","pl2010228",6,"2010","peterson lake","meeker","mn","-94.7256","45.1749 ","0","0","0","0","1","0","0","0","0","0","0","0","0","0","0","0","0","0","0","0","0","1","0","0","0","0","0","0","0","0","0","0","0","0","0",0,0,0,0,1
"211","pl2010229",6,"2010","lac qui parle","lac qui parle","mn","-95.9751","45.0916  ","0","0","0","0","1","0","0","0","0","0","0","0","0","0","0","0","0","0","0","0","0","1","0","0","0","0","0","0","0","0","0","0","0","0","0",1,0,0,0,0
"212","pl2010254",7,"2010","hendricks lake","lincoln","mn","-96.4428","44.4914  ","0","0","0","0","1","0","0","0","0","0","0","0","0","0","0","0","0","0","0","0","0","1","0","0","0","0","0","0","0","0","0","0","0","0","0",0,0,0,0,1
"213","pl2010262",7,"2010","zumbro lake","olmstead","mn","-92.4617","44.1787  ","0","0","0","1","0","0","0","0","0","0","0","0","0","0","0","0","1","0","0","0","0","0","0","0","0","0","0","0","0","0","0","0","0","0","0",0,0,0,0,1
"214","s2010212",8,"2010","roberds lake","rice","mn","-93.3447","44.3289","1","0","0","0","0","0","0","0","0","0","0","0","0","0","0","0","0","0","0","0","0","0","0","0","1","0","0","0","0","0","0","0","0","0","0",1,0,0,0,0
"215","s2011005",1,"2011","st.croix river","washington","mn","-92.809442","45.056364","1","0","0","0","0","0","0","1","0","0","0","0","0","0","0","0","0","1","0","0","0","0","0","0","0","0","0","0","1","0","1","0","0","0","0",0,0,1,0,0
"216","pl2011018",2,"2011","high island lake","otter tail","mn","-95.9345","46.4362 ","0","0","0","0","1","0","0","0","0","0","0","0","0","0","1","0","0","0","0","0","0","1","0","0","0","0","0","0","0","0","0","0","0","0","0",1,0,0,0,0
"217","s2011021",2,"2011","st.croix river","washington","mn","-92.809442","45.056364","1","0","0","0","0","0","0","0","0","1","0","0","0","0","0","0","0","0","0","0","0","0","0","0","1","0","0","0","1","0","1","0","0","1","0",0,0,1,0,0
"218","s2011033",3,"2011","mississipi river","wright","mn","-92.100125","46.755088",NA,NA,NA,NA,NA,NA,NA,NA,NA,NA,NA,NA,NA,NA,NA,NA,NA,NA,NA,NA,NA,NA,NA,NA,NA,NA,NA,NA,NA,NA,NA,NA,NA,NA,NA,0,0,1,0,0
"219","s2011047",3,"2011","lake agnes","douglas","mn","-92.054067","48.220191",NA,NA,NA,NA,NA,NA,NA,NA,NA,NA,NA,NA,NA,NA,NA,NA,NA,NA,NA,NA,NA,NA,NA,NA,NA,NA,NA,NA,NA,NA,NA,NA,NA,NA,NA,1,0,0,0,0
"220","s2011053",3,"2011","st.croix river","washington","mn","-92.809442","45.056364","1","0","0","0","0","0","0","0","0","0","0","0","1","0","0","0","0","0","0","0","0","0","0","0","1","0","0","0","0","0","1","0","0","0","0",0,0,1,0,0
"221","s2011074",4,"2011","hunt lake","rice","mn","-93.4461","44.3323 ",NA,NA,NA,NA,NA,NA,NA,NA,NA,NA,NA,NA,NA,NA,NA,NA,NA,NA,NA,NA,NA,NA,NA,NA,NA,NA,NA,NA,NA,NA,NA,NA,NA,NA,NA,0,0,1,0,0
"222","s2011077",4,"2011","twin lake","hennepin","mn","-93.340588","45.04569","0","0","0","0","1","0","0","0","0","0","0","0","0","0","0","0","0","0","0","0","0","1","0","0","0","0","0","0","0","0","0","0","0","0","0",0,0,1,0,0
"223","s2011088",4,"2011","loring pond","hennepin","mn","-93.284402","44.969155","0","0","0","1","1","0","0","0","0","0","1","0","0","0","0","0","1","0","0","0","0","1","0","0","0","0","0","0","0","0","0","0","0","0","0",0,0,1,0,0
"224","s2011089",4,"2011","powderhorn lake","hennepin","mn","-93.257284","44.94183","0","0","0","1","1","0","0","0","0","0","1","0","0","0","0","0","1","0","0","0","0","1","0","0","0","0","0","0","0","0","0","0","0","0","0",0,0,1,0,0
"225","s2011090",4,"2011","lake of the isles","hennepin","mn","-93.309504","44.955989","1","0","1","0","1","0","0","0","0","0","0","0","0","0","0","0","0","0","0","0","0","1","0","0","1","0","0","1","1","0","0","0","0","0","0",0,0,1,0,0
"226","s2011091",4,"2011","lake harriet","hennepin","mn","-93.3054","44.922  ","1","0","0","0","1","0","0","0","0","0","0","0","0","0","0","0","0","0","0","0","0","1","0","0","1","0","0","0","0","0","0","0","0","0","0",0,0,1,0,0
"227","pl2011172",6,"2011","white bear lake","ramsey","mn","-92.9886","45.0765  ","1","0","0","0","0","0","0","0","0","0","0","0","0","0","0","0","0","0","0","0","0","0","0","0","1","0","0","0","0","0","0","0","0","0","0",0,0,0,0,1
"228","pl2011173",6,"2011","bald eagle lake","ramsey","mn","-93.0141","45.1182 ","1","1","0","0","0","0","0","0","0","0","0","0","0","0","0","0","0","0","0","0","0","0","0","0","1","0","1","0","0","0","0","0","0","0","0",1,0,0,0,0
"229","pl2011174",6,"2011","shell rock river","freeborn","mn","-93.016196","43.580325","0","0","0","0","1","0","0","0","0","0","0","0","0","0","0","0","0","0","0","0","0","1","0","0","0","0","0","0","0","0","0","0","0","0","0",0,0,0,0,1
"230","pl2011182",6,"2011","minnehaha creek","","mn",NA,"","0","0","0","0","1","0","0","0","0","0","0","0","0","0","0","0","0","0","0","0","0","1","0","0","0","0","0","0","0","0","0","0","0","0","0",0,0,0,0,1
"231","pl2011202",6,"2011","sand lake","itasca","mn","-94.001907","47.611337","0","0","1","0","0","0","0","0","0","0","0","0","0","0","0","0","0","0","1","0","0","0","0","0","0","0","0","0","0","0","0","0","0","0","0",0,0,0,0,1
"232","s2011131",6,"2011","collinwood lake","wright","mn","-94.255601","45.055904","0","0","0","0","1","0","0","0","0","0","0","0","0","0","0","0","0","0","0","0","0","1","0","0","0","0","0","0","0","0","0","0","0","0","0",1,0,0,0,0
"233","s2011146",7,"2011","dan patch lake","scott","mn","-93.433126","44.705138",NA,NA,NA,NA,NA,NA,NA,NA,NA,NA,NA,NA,NA,NA,NA,NA,NA,NA,NA,NA,NA,NA,NA,NA,NA,NA,NA,NA,NA,NA,NA,NA,NA,NA,NA,0,0,1,0,0
"234","s2011168",8,"2011","","marshall","mn",NA,"","0","0","0","0","1","0","0","0","0","0","0","0","0","0","1","0","0","0","0","0","0","0","0","0","0","0","0","0","0","0","0","0","0","0","0",0,1,0,0,0
"235","s2011172",8,"2011","lake mazaska","rice","mn","-93.3967","44.376465","0","0","0","0","0","0","0","0","1","0","0","0","0","0","0","0","0","1","0","0","0","0","0","0","0","0","0","0","0","0","0","0","0","0","0",1,0,0,0,0
"236","s2011181",8,"2011","little swan","meeker","mn","-94.292469","45.132044","1","0","0","0","0","0","0","0","0","0","0","0","0","0","0","0","0","0","0","0","0","0","1","0","0","0","0","0","0","0","0","0","0","0","0",1,0,0,0,0
"237","s2011187",9,"2011","lotus lake","carver","mn","-94.171738","46.699692","1","0","0","0","0","0","0","0","0","0","0","0","0","0","0","0","0","0","0","0","0","0","0","0","1","0","0","0","0","0","0","0","0","0","0",1,0,0,0,0
"238","s2011188",9,"2011","lower white fish lake","crow wing","mn","-94.171738","46.699692","0","0","0","0","0","1","0","0","0","0","0","0","0","0","0","0","0","0","0","0","0","0","0","0","0","0","0","0","0","0","0","0","0","0","1",1,0,0,0,0
"239","s2011213",10,"2011","maple river","blue earth","mn","-93.968842","43.881445","0","0","0","1","1","0","0","0","0","0","1","0","0","0","0","0","1","0","0","0","0","1","0","0","0","0","0","0","0","0","0","0","0","0","0",0,1,0,0,0
"240","s2012041",4,"2012","middle river","marshall","mn","-96.164683","48.4356",NA,NA,NA,NA,NA,NA,NA,NA,NA,NA,NA,NA,NA,NA,NA,NA,NA,NA,NA,NA,NA,NA,NA,NA,NA,NA,NA,NA,NA,NA,NA,NA,NA,NA,NA,0,0,1,0,0
"241","s2012084",5,"2012","lake minnetonka","hennepin","mn","-93.633964","44.909098","1","0","0","0","0","0","0","0","0","0","0","0","0","0","0","0","0","0","0","0","0","0","1","0","1","0","0","0","0","0","0","0","0","0","0",0,0,0,0,1
"242","s2012102",6,"2012","bryant lake","hennepin","mn","-93.428615","44.878296","1","0","0","0","0","0","0","0","0","0","0","0","0","0","0","0","0","0","0","0","0","0","0","0","1","0","0","0","0","0","0","0","0","0","0",0,0,0,0,1
"243","s2012129",6,"2012","poplar river","polk","mn","-93.933024","45.317585","1","0","0","0","1","0","0","0","0","0","0","0","0","0","1","0","0","0","0","0","0","0","0","0","1","0","0","0","0","0","0","0","0","0","0",1,0,0,0,0
"244","s2011165",8,"2012","lake maria","stearns","mn","-93.933024","45.317585","0","0","1","0","0","0","0","0","0","0","0","0","0","0","0","0","0","0","1","0","0","0","0","0","0","0","0","0","0","0","0","0","0","0","0",1,0,0,0,0
"245","pl2011203",6,"2012","st.croix river","","mn",NA,"","1","0","0","0","1","0","0","1","0","0","0","0","0","0","0","0","0","0","0","0","0","1","0","0","1","1","0","0","0","0","0","0","0",NA,NA,1,0,0,0,0
"246","s2012217",7,"2012","big sandy lake","aitkin","mn","-93.274307","46.770738","1","1","0","0","0","0","0","0","0","0","0","0","0","0","0","0","0","0","0","0","1","0","1","0","0","0","1","0","0","0","0","0","0","0","0",0,1,0,0,0
"247","s2012221",7,"2012","black dog lake","dakota","mn","-93.259058","44.808596",NA,NA,NA,NA,NA,NA,NA,NA,NA,NA,NA,NA,NA,NA,NA,NA,NA,NA,NA,NA,NA,NA,NA,NA,NA,NA,NA,NA,NA,NA,NA,NA,NA,NA,NA,0,0,0,1,0
"248","pl2012215",7,"2012","","","mn",NA,"","1","0","0","1","0","0","0","0","0","0","1","0","0","0","0","0","0","0","0","0","0","0","0","0","1","0","0","0","0","0","0","0","0","0","0",1,0,0,0,0
"249","s2012228",7,"2012","mississipi river","crow wing","mn",NA,"",NA,NA,NA,NA,NA,NA,NA,NA,NA,NA,NA,NA,NA,NA,NA,NA,NA,NA,NA,NA,NA,NA,NA,NA,NA,NA,NA,NA,NA,NA,NA,NA,NA,NA,NA,0,1,0,0,0
"250","s2012230",7,"2012","","dakota","mn",NA,"","0","0","1","0","0","0","0","0","0","0","0","0","0","0","0","0","0","0","1","0","0","0","0","0","0","0","0","0","0","0","0","0","0","0","0",1,0,0,0,0
"251","s2012251",8,"2012","minnesota river","yellow medicine","mn","-95.510253","44.80212","0","0","0","1","0","0","0","0","1","0","0","0","0","0","0","0","1","1","0","0","0","0","0","0","0","0","0","0","0","0","0","0","0","0","0",0,1,0,0,0
"252","pl2011222",8,"2012","pokegama lake","itasca","mn","-93.5778","47.1865  ","0","0","0","0","0","0","1","0","0","0","0","0","0","0","0","0","0","0","0","1","0","0","0","0","0","0","0","0","0","0","0","0","0","0","0",1,0,0,0,0
"253","pl2011248",8,"2012","long lake","otter tail","mn","-95.549014","46.410217","1","0","0","0","0","0","0","0","0","0","0","0","0","0","0","0","0","0","0","0","0","0","1","0","0","0","0","0","0","0","0","0","0","0","0",0,0,0,0,1
"254","s2012288",9,"2012","cascade lake","olmstead","mn","-92.505248","44.028183",NA,NA,NA,NA,NA,NA,NA,NA,NA,NA,NA,NA,NA,NA,NA,NA,NA,NA,NA,NA,NA,NA,NA,NA,NA,NA,NA,NA,NA,NA,NA,NA,NA,NA,NA,1,0,0,0,0
"255","pl2012456 (s2012289)",10,"2012","zumbro river","olmstead","mn","-92.4617","44.1787  ","0","0","0","0","1","0","0","1","0","0","0","0","0","0","1","0","0","0","0","0","0","0","0","0","0","1","0","0","0","0","0","0","0","0","0",1,0,0,0,0
"256","pl2012457",10,"2012","manor wood lake","chippewa","mn",NA,"","0","0","0","0","0","0","0","1","0","0","0","0","0","0","0","0","0","0","0","0","0","0","0","0","0","1","0","0","0","0","0","0","0","0","0",1,0,0,0,0
"257","s2012331",11,"2012","st.croix river","washington","mn","-92.809442","45.056364","0","0","0","1","0","0","0","0","0","0","0","0","0","0","0","0","1","0","0","0","0","0","0","0","0","0","0","0","0","0","0","0","0","0","0",0,0,1,0,0
"258","pl2011473",11,"2012","pimushe lake","beltrami","mn","-94.5173","47.5595  ","1","0","0","0","0","0","0","0","0","0","0","0","0","0","0","0","0","0","0","0","0","0","0","0","1","0","0","0","0","0","0","0","0","0","0",0,0,0,0,1
"259","pl2012510 (s2012330)",11,"2012","mayhew lake","benton","mn","-94.0978","45.7043 ","1","0","1","0","1","0","0","0","0","0","1","0","1","0","1","0","0","0","1","0","0","0","0","0","1","0","0","0","0","0","0","0","0","0","0",0,0,0,1,0
"260","pl2012515",12,"2012","forest lake","washington","mn","-92.9461","45.2739","1","0","0","0","0","0","0","0","0","0","0","0","0","0","0","0","0","0","0","0","0","0","1","0","1","0","0","0","0","0","0","0","0","0","0",1,0,0,0,0
"261","s2013029",2,"2013","st.croix river","washington","mn","-92.809442","45.056364",NA,NA,NA,NA,NA,NA,NA,NA,NA,NA,"0","0","0","0","0","0","0","0","0","0","0","0","0","0","0","0","0","0","0","0","1","0","0","0","0",0,0,1,0,0
"262","s2013027",3,"2013","mississipi river","sherburne","mn","-93.772723","45.299763",NA,NA,NA,NA,NA,NA,NA,NA,NA,NA,NA,NA,NA,NA,NA,NA,NA,NA,NA,NA,NA,NA,NA,NA,NA,NA,NA,NA,NA,NA,NA,NA,NA,NA,NA,0,0,1,0,0
"263","s2013042",3,"2013","minnesota river","hennepin","mn","-93.690957","44.675819",NA,NA,NA,NA,NA,NA,NA,NA,NA,NA,NA,NA,NA,NA,NA,NA,NA,NA,NA,NA,NA,NA,NA,NA,NA,NA,NA,NA,NA,NA,NA,NA,NA,NA,NA,0,0,0,1,0
"264","s2013044",3,"2013","gorman creek","wabasha","mn","-92.038112","44.378046","0","0","0","0","0","1","0","0","0","0","0","0","0","0","0","0","0","0","0","0","0","0","0","1","0","0","0","0","0","0","0","0","0","0","0",0,0,0,1,0
"265","pl2013141",5,"2013","lake little spirit","jackson","mn","-94.968033","43.611377","0","0","0","1","0","0","0","0","0","0","1","0","0","0","0","0","0","0","0","0","0","0","0","0","0","0","0","0","0","0","0","0","0","0","0",1,0,0,0,0
"266","s2013137",6,"2013","big carnelian lake","washington","mn","-94.2744","45.3674 ","1","0","0","0","0","0","0","0","0","0","0","0","0","0","0","0","0","0","0","0","0","0","1","0","0","0","0","0","0","0","0","0","0","0","0",1,0,0,0,0
"267","s2013138",6,"2013","lake harriet","hennepin","mn","-93.3054","44.922  ","1","0","0","0","0","0","0","0","0","0","0","0","0","0","0","0","0","0","0","0","0","0","1","0","1","0","0","0","0","0","0","0","0","0","0",1,0,0,0,0
"268","pl2013155(s2013141)",6,"2013","lake black oak","stearns","mn","-94.809861","45.634508",NA,NA,NA,NA,NA,NA,NA,NA,NA,NA,"0","0","0","0","0","0","0","0","0","0","0","1","0","0","0","0","0","0","0","0","0","0","0","0","0",0,0,0,0,1
"269","s2013144",6,"2013","lake waconia","hennepin","mn","-93.784679","44.869449","1","0","0","0","0","0","0","0","0","0","0","0","0","0","0","0","0","0","0","0","0","0","1","0","1","0","0","0","0","0","0","0","0","0","0",1,0,0,0,0
"270","s2013146",6,"2013","lake calhoun","hennepin","mn","-93.312","44.9421  ","1","0","0","0","0","0","0","0","0","0","0","0","0","0","0","0","0","0","0","0","0","0","0","0","1","0","0","0","0","0","0","0","0","0","0",1,0,0,0,0
"271","pl2013162 (s2013200)",6,"2013","lake harriet","hennepin","mn","-93.3054","44.922  ","1","1","0","0","0","0","0","0","0","0","0","0","0","1","0","0","0","0","0","0","0","0","0","0","1","0","1","0","0","0","0","0","0","0","0",0,0,0,0,1
"272","s2013186",6,"2013","lake calhoun","hennepin","mn","-93.312","44.9421  ","1","0","0","0","0","0","0","0","0","0","0","0","0","0","0","0","0","0","0","0","0","0","1","0","1","0","0","0","0","0","0","0","0","0","0",0,0,0,0,1
"273","s2013199",6,"2013","lake minnewashta","hennepin","mn","-93.609165","44.881828","1","0","0","0","0","0","0","0","0","0","0","0","0","0","0","0","0","0","0","0","0","0","1","0","1","0","0","0","0","0","0","0","0","0","0",1,0,0,0,0
"274","s2013184",6,"2013","parker lake","hennepin","mn","-93.468411","45.019472","1","0","0","0","0","0","0","0","0","0","0","0","0","0","0","0","0","0","0","0","0","0","1","0","0","0","0","0","0","0","0","0","0","0","0",0,0,0,0,1
"275","s2013240",8,"2013","elm creek","hennepin","mn","-93.415325","45.178554","1","0","0","0","0","0","0","0","0","0","0","0","0","0","0","0","0","0","0","0","0","0","0","0","1","0","0","0","0","0","0","0","0","0","0",0,1,0,0,0
"276","pl2013342 (s2013241)",8,"2013","beaver creek","houston","mn","-91.581609","43.648493","1","0","1","0","1","0","0","0","0","0","0","0","0","0","1","0","0","0","1","0","0","0","0","0","1","0","0","0","0","0","0","0","0","0","0",0,1,0,0,0
"277","s2013251",8,"2013","st.croix river","washington","mn","-92.809442","45.056364","1","0","0","0","0","0","0","0","0","0","0","0","1","0","0","0","0","0","0","0","0","0","0","0","1","0","0","0","1","0","0","0","0","0","0",0,0,0,1,0
"278","s2013303",11,"2013","","olmstead","mn",NA,"","0","0","0","0","1","0","0","0","0","0","0","0","0","0","1","0","0","0","0","0","0","0","0","0","0","0","0","0","0","0","0","0","0","0","0",0,0,0,1,0
"279","s2013314",11,"2003","","olmstead","mn",NA,"","0","0","0","0","1","0","0","0","0","0","0","0","0","0","1","0","0","0","0","0","0","0","0","0","0","0","0","0","0","0","0","0","0","0","0",0,0,0,1,0
"280","pl2013497",12,"2013","lake owasso","shoreview","mn","-93.125115","45.037265","1","1","1","0","0","0","0","0","0","0","0","0","0","0","1","0","0","0","0","0","0","0","0","0","0","0","0","0","0","0","0","0","0","0","0",0,0,0,0,1
