Event,Event_Original,County,State,Waterbody.Name,Station.Name,WBIC,Site.Seq.No,Swims.Station.Id,Fishkill.Inv.Seq.No,Investigation.Start.Date,Season,Season1,Year,Stream.Miles.or.Lake.Acres.Affected,Confidence.Of.Cause.Code,Cause.Category,Cause.Type,Mortality.Code,Detail.Cause.Type,Investigation.Start.Month,Cause.Category.4,Min.Kill.Size,Bass,Bigmouth.Buffalo,Bowfin,Bluegill,Brown.Trout,Bullhead,Carp,Catfish,Channel.Catfish,Chub,Cisco,Crappie,Dace,Darter,Dogfish,Drum,Freshwater.Drum,Gar,Gizzard.Shad,Golden.Shiner,Largemouth.Bass,Minnow,Muskies,Northern.Pike,Perch,Pike,Pumpkinseed,Rainbow.Smelt,Rock.Bass,Round.Goby,Sauger,Sculpin,Shorthead.Redhorse,Smallmouth.Bass,Stickleback,Stonecat,Sturgeon,Suckerfish,Sunfish,Sunnies,Trout,Walleye,White.Sucker,Whitefish,Yellow.Perch,Lat,Long
1,S2003006,MOWER,MN,CEDAR RIVER,,,,,,3-Jan-03,,,2003,,,UNKNOWN,UNKNOWN,,UNKNOWN,Jan,UNKNOWN,,0,0,0,0,0,0,1,0,0,0,0,0,0,0,0,0,0,0,0,0,0,0,0,1,0,0,0,0,0,0,0,0,0,1,0,0,0,0,0,0,0,0,0,0,0,-92.972365,43.667391
2,S2003077,RAMSEY,MN,RUSH LAKE,,,,,,30-Nov-02,,,2002,,,NATURAL,ENVIRONMENTAL CONDITION,,Winterkill,Nov,WINTERKILL,,UNKNOWN,UNKNOWN,UNKNOWN,UNKNOWN,UNKNOWN,UNKNOWN,UNKNOWN,UNKNOWN,UNKNOWN,UNKNOWN,UNKNOWN,UNKNOWN,UNKNOWN,UNKNOWN,UNKNOWN,UNKNOWN,UNKNOWN,UNKNOWN,UNKNOWN,UNKNOWN,UNKNOWN,UNKNOWN,UNKNOWN,UNKNOWN,UNKNOWN,UNKNOWN,UNKNOWN,UNKNOWN,UNKNOWN,UNKNOWN,UNKNOWN,UNKNOWN,UNKNOWN,UNKNOWN,UNKNOWN,UNKNOWN,UNKNOWN,UNKNOWN,UNKNOWN,UNKNOWN,UNKNOWN,UNKNOWN,UNKNOWN,UNKNOWN,UNKNOWN,-93.1932,45.0804 
3,S2003085,HENNEPIN,MN,NA,,,,,,1-Apr-03,,,2003,,,NATURAL,ENVIRONMENTAL CONDITION,,Winterkill,Apr,WINTERKILL,,UNKNOWN,UNKNOWN,UNKNOWN,UNKNOWN,UNKNOWN,UNKNOWN,UNKNOWN,UNKNOWN,UNKNOWN,UNKNOWN,UNKNOWN,UNKNOWN,UNKNOWN,UNKNOWN,UNKNOWN,UNKNOWN,UNKNOWN,UNKNOWN,UNKNOWN,UNKNOWN,UNKNOWN,UNKNOWN,UNKNOWN,UNKNOWN,UNKNOWN,UNKNOWN,UNKNOWN,UNKNOWN,UNKNOWN,UNKNOWN,UNKNOWN,UNKNOWN,UNKNOWN,UNKNOWN,UNKNOWN,UNKNOWN,UNKNOWN,UNKNOWN,UNKNOWN,UNKNOWN,UNKNOWN,UNKNOWN,UNKNOWN,UNKNOWN,UNKNOWN,NA,NA
4,S2003087,HENNEPIN,MN,GIDEON LAKE MINNETONKA,,,,,,2-Apr-03,,,2003,,,NATURAL,ENVIRONMENTAL CONDITION,,Winterkill,Apr,WINTERKILL,,UNKNOWN,UNKNOWN,UNKNOWN,UNKNOWN,UNKNOWN,UNKNOWN,UNKNOWN,UNKNOWN,UNKNOWN,UNKNOWN,UNKNOWN,UNKNOWN,UNKNOWN,UNKNOWN,UNKNOWN,UNKNOWN,UNKNOWN,UNKNOWN,UNKNOWN,UNKNOWN,UNKNOWN,UNKNOWN,UNKNOWN,UNKNOWN,UNKNOWN,UNKNOWN,UNKNOWN,UNKNOWN,UNKNOWN,UNKNOWN,UNKNOWN,UNKNOWN,UNKNOWN,UNKNOWN,UNKNOWN,UNKNOWN,UNKNOWN,UNKNOWN,UNKNOWN,UNKNOWN,UNKNOWN,UNKNOWN,UNKNOWN,UNKNOWN,UNKNOWN,-93.579762,44.910314
5,S2003088,HENNEPIN,MN,WING LAKE,,,,,,2-Apr-03,,,2003,,,NATURAL,ENVIRONMENTAL CONDITION,,Winterkill,Apr,WINTERKILL,,UNKNOWN,UNKNOWN,UNKNOWN,UNKNOWN,UNKNOWN,UNKNOWN,UNKNOWN,UNKNOWN,UNKNOWN,UNKNOWN,UNKNOWN,UNKNOWN,UNKNOWN,UNKNOWN,UNKNOWN,UNKNOWN,UNKNOWN,UNKNOWN,UNKNOWN,UNKNOWN,UNKNOWN,UNKNOWN,UNKNOWN,UNKNOWN,UNKNOWN,UNKNOWN,UNKNOWN,UNKNOWN,UNKNOWN,UNKNOWN,UNKNOWN,UNKNOWN,UNKNOWN,UNKNOWN,UNKNOWN,UNKNOWN,UNKNOWN,UNKNOWN,UNKNOWN,UNKNOWN,UNKNOWN,UNKNOWN,UNKNOWN,UNKNOWN,UNKNOWN,-93.4762,44.9035 
6,PL2003034,BIG STONE,MN,EAST TOQUA LAKE,,,,,,2-Apr-03,,,2003,,,NA,NA,,NA,Apr,NA,,0,0,0,0,0,0,0,0,0,0,0,1,0,0,0,0,0,0,0,0,0,0,0,0,0,0,0,0,0,0,0,0,0,0,0,0,0,0,1,0,0,1,0,0,0,-96.4436,45.5614  
7,S2003094,RICE,MN,NA,,,,,,9-Apr-03,,,2003,,,UNKNOWN,UNKNOWN,,UNKNOWN,Apr,UNKNOWN,,0,0,0,0,0,0,1,0,0,0,0,0,0,0,0,0,0,0,0,0,0,0,0,0,0,0,0,0,0,0,0,0,0,0,0,0,0,0,0,0,0,0,0,0,0,NA,NA
8,S2003099,CARVER,MN,EAGLE LAKE,,,,,,14-Apr-03,,,2003,,,NATURAL,ENVIRONMENTAL CONDITION,,Winterkill,Apr,WINTERKILL,,0,0,0,0,0,0,0,0,0,0,0,0,0,0,0,0,0,0,0,0,0,0,0,0,0,0,0,0,0,0,0,0,0,0,0,0,0,0,0,0,0,0,0,0,0,-93.8926,44.1889
9,S2003101,HENNEPIN,MN,BASSETT CREEK,,,,,,15-Apr-03,,,2003,,,NATURAL,ENVIRONMENTAL CONDITION,,Winterkill,Apr,WINTERKILL,,0,0,0,0,0,0,1,0,0,0,0,0,0,0,0,0,0,0,0,0,0,0,0,0,0,0,0,0,0,0,0,0,0,0,0,0,0,0,0,0,0,0,0,0,0,-93.354906,45.013178
10,S2003103,BLUE EARTH,MN,MADISON LAKE,,,,,,16-Apr-03,,,2003,,,NATURAL,ENVIRONMENTAL CONDITION,,Winterkill,Apr,WINTERKILL,,0,0,0,0,0,0,0,0,0,0,0,0,0,0,0,0,0,0,0,0,0,0,0,0,0,0,0,0,0,0,0,0,0,0,0,0,0,0,0,0,0,0,0,0,0,NA,NA
11,PL2003046,HENNEPIN,MN,LAKE SARAH,,,,,,29-Apr-03,,,2003,,,NATURAL,INFECTIOUS AGENTS,,COLUMNARIS,Apr,INFECTIOUS AGENT,,0,0,0,0,0,0,0,0,0,0,0,0,0,0,0,0,0,0,0,0,0,0,0,0,0,0,0,0,0,0,0,0,0,0,0,0,0,0,1,0,0,0,0,0,0,-93.6716,45.062 
12,PL2003098,GRANT,MN,ELK LAKE,,,,,,28-May-03,,,2003,,,NA,NA,,NA,May,NA,,0,0,0,0,0,0,1,0,0,0,0,0,0,0,0,0,0,0,0,0,0,0,0,0,0,0,0,0,0,0,0,0,0,0,0,0,0,0,0,0,0,0,0,0,0,NA,NA
13,S2003150,RICE,MN,FOX LAKE,,,,,,28-May-03,,,2003,,,NATURAL,INFECTIOUS AGENTS,,COLUMNARIS,May,INFECTIOUS AGENT,,UNKNOWN,UNKNOWN,UNKNOWN,UNKNOWN,UNKNOWN,UNKNOWN,UNKNOWN,UNKNOWN,UNKNOWN,UNKNOWN,UNKNOWN,UNKNOWN,UNKNOWN,UNKNOWN,UNKNOWN,UNKNOWN,UNKNOWN,UNKNOWN,UNKNOWN,UNKNOWN,UNKNOWN,UNKNOWN,UNKNOWN,UNKNOWN,UNKNOWN,UNKNOWN,UNKNOWN,UNKNOWN,UNKNOWN,UNKNOWN,UNKNOWN,UNKNOWN,UNKNOWN,UNKNOWN,UNKNOWN,UNKNOWN,UNKNOWN,UNKNOWN,UNKNOWN,UNKNOWN,UNKNOWN,UNKNOWN,UNKNOWN,UNKNOWN,UNKNOWN,-93.3236,44.3922 
14,S2003151,RICE,MN,CIRCLE LAKE,,,,,,28-May-03,,,2003,,,NATURAL,INFECTIOUS AGENTS,,COLUMNARIS,May,INFECTIOUS AGENT,,UNKNOWN,UNKNOWN,UNKNOWN,UNKNOWN,UNKNOWN,UNKNOWN,UNKNOWN,UNKNOWN,UNKNOWN,UNKNOWN,UNKNOWN,UNKNOWN,UNKNOWN,UNKNOWN,UNKNOWN,UNKNOWN,UNKNOWN,UNKNOWN,UNKNOWN,UNKNOWN,UNKNOWN,UNKNOWN,UNKNOWN,UNKNOWN,UNKNOWN,UNKNOWN,UNKNOWN,UNKNOWN,UNKNOWN,UNKNOWN,UNKNOWN,UNKNOWN,UNKNOWN,UNKNOWN,UNKNOWN,UNKNOWN,UNKNOWN,UNKNOWN,UNKNOWN,UNKNOWN,UNKNOWN,UNKNOWN,UNKNOWN,UNKNOWN,UNKNOWN,-93.3459,44.4141
15,S2003171,NICOLLET,MN,HALLET'S POND,,,,,,17-Jun-03,,,2003,,,NATURAL,INFECTIOUS AGENTS,,COLUMNARIS,Jun,INFECTIOUS AGENT,,0,0,0,0,0,0,0,0,0,0,0,0,0,0,0,0,0,0,0,0,0,0,0,0,0,0,0,0,0,0,0,0,0,0,0,0,0,0,1,0,0,0,0,0,0,NA,NA
16,PL2003121,BIG STONE,MN,BIG STONE LAKE,,,,,,23-Jul-03,,,2003,,,NA,NA,,NA,Jul,NA,,0,0,0,0,0,0,1,0,0,0,0,0,0,0,0,0,0,0,0,0,0,0,0,0,0,0,0,0,0,0,0,0,0,0,0,0,0,0,0,0,0,0,0,0,0,-96.7012,45.4258  
17,S2003205,GOODHUE,MN,NA,,,,,,28-Jul-03,,,2003,,,NATURAL,ENVIRONMENTAL CONDITION,,DIRECT TEMPERATURE STRESS,Jul,?,,0,0,0,0,0,0,1,0,1,0,0,0,0,0,0,0,0,0,0,0,0,0,0,0,0,0,0,0,0,0,0,0,0,0,0,0,0,0,0,0,0,0,0,0,0,NA,NA
18,S2003212,HENNEPIN,MN,LAKE CALHOUN,,,,,,3-Aug-03,,,2003,,,NATURAL,INFECTIOUS AGENTS,,COLUMNARIS,Aug,INFECTIOUS AGENT,,0,0,0,0,0,0,0,0,0,0,0,1,0,0,0,0,0,0,0,0,0,0,0,0,0,0,0,0,0,0,0,0,0,0,0,0,0,0,0,0,0,0,0,0,0,-93.312,44.9421  
19,S2003224,WRIGHT,MN,MINK LAKE,,,,,,10-Aug-03,,,2003,,,NATURAL,ENVIRONMENTAL CONDITION,,DISSOLVED OXYGEN,Aug,?,,0,0,0,0,0,0,0,0,0,0,0,1,0,0,0,0,0,0,0,0,0,0,0,0,0,0,0,0,0,0,0,0,0,0,0,0,0,0,0,0,0,0,0,0,0,NA,NA
20,S2003226,HENNEPIN,MN,BASSETT CREEK,,,,,,14-Aug-03,,,2003,,,NATURAL,ENVIRONMENTAL CONDITION,,DISSOLVED OXYGEN,Aug,?,,0,0,0,0,0,0,0,0,0,0,0,0,0,0,0,0,0,0,0,0,0,0,0,0,0,0,0,0,0,0,0,0,0,0,0,0,0,0,1,0,0,0,0,0,0,-93.354906,45.013178
21,PL2003150,MEEKER,MN,JEWETT CREEK,,,,,,23-Aug-03,,,2003,,,NA,NA,,NA,Aug,NA,,0,0,0,0,0,1,0,0,0,0,0,0,0,0,0,0,0,0,0,0,0,0,0,0,0,0,0,0,0,0,0,0,0,0,0,0,0,0,0,0,0,0,0,0,0,-94.551422,45.12914
22,S2003231,CASS,MN,GULL LAKE,,,,,,24-Aug-03,,,2003,,,NATURAL,ENVIRONMENTAL CONDITION,,DISSOLVED OXYGEN,Aug,?,,0,0,0,0,0,0,0,0,0,0,0,0,0,0,0,0,0,0,0,0,0,0,0,0,0,0,0,0,0,0,0,0,0,0,0,0,0,0,0,0,0,0,0,1,0,NA,NA
23,S2003233,CLAY,MN,RED RIVER,,,,,,24-Aug-03,,,2003,,,UNKNOWN,UNKNOWN,,UNKNOWN,Aug,UNKNOWN,,0,0,0,0,0,0,0,0,1,0,0,0,0,0,0,0,0,0,0,0,0,0,0,0,0,0,0,0,0,0,1,0,0,0,0,0,0,0,0,0,0,1,0,0,0,-96.77168,46.874448
24,S2003234,MEEKER,MN,JEWETT CREEK,,,,,,26-Aug-03,,,2003,,,ANTHROPOGENIC,TOXICITY,,ANTHROPOGENIC CONDITION,Aug,ANTHROPOGENIC CONDITION,,UNKNOWN,UNKNOWN,UNKNOWN,UNKNOWN,UNKNOWN,UNKNOWN,UNKNOWN,UNKNOWN,UNKNOWN,UNKNOWN,UNKNOWN,UNKNOWN,UNKNOWN,UNKNOWN,UNKNOWN,UNKNOWN,UNKNOWN,UNKNOWN,UNKNOWN,UNKNOWN,UNKNOWN,UNKNOWN,UNKNOWN,UNKNOWN,UNKNOWN,UNKNOWN,UNKNOWN,UNKNOWN,UNKNOWN,UNKNOWN,UNKNOWN,UNKNOWN,UNKNOWN,UNKNOWN,UNKNOWN,UNKNOWN,UNKNOWN,UNKNOWN,UNKNOWN,UNKNOWN,UNKNOWN,UNKNOWN,UNKNOWN,UNKNOWN,UNKNOWN,-94.551422,45.12914
25,PL2003153,NA,MN,RED RIVER,,,,,,29-Aug-03,,,2003,,,NA,NA,,NA,Aug,NA,,0,0,0,0,0,0,0,0,0,0,0,0,0,0,0,0,0,0,0,0,0,0,0,0,0,0,0,0,0,0,0,0,0,0,0,1,0,0,0,0,0,0,0,0,0,NA,NA
26,PL2003155 (S2003243),BROWN,MN,SLEEPY EYE LAKE ,,,,,,3-Sep-03,,,2003,,,UNKNOWN,UNKNOWN,,UNKNOWN,Sep,UNKNOWN,,0,0,0,0,0,0,0,0,0,0,0,0,0,0,0,0,0,0,0,0,0,0,0,1,0,0,0,0,0,0,0,0,0,0,0,0,0,0,0,0,0,0,0,0,0,-94.734247,44.308174
27,S2003267,BLUE EARTH,MN,LE SUEUR RIVER,,,,,,11-Oct-03,,,2003,,,NATURAL,ENVIRONMENTAL CONDITION,,"Low water levels, leafs",Oct,?,,0,0,0,0,0,0,0,0,0,0,0,0,0,0,0,0,0,0,0,0,0,1,0,0,0,0,0,0,0,0,0,0,0,0,0,0,0,0,0,0,0,1,0,0,0,-94.052379,44.124417
28,PL2003240,YELLOW MEDICINE,MN,YELLOW MEDICINE RIVER,,,,,,17-Oct-03,,,2003,,,NA,NA,,NA,Oct,NA,,0,0,0,0,0,0,0,0,1,0,0,0,0,0,0,0,0,0,0,0,0,0,0,0,0,0,0,0,0,0,0,0,0,0,0,0,0,0,0,0,0,1,0,0,0,-95.538964,44.652414
29,S2003300,KOOCHICHING,MN,RAINY RIVER,,,,,,19-Nov-03,,,2003,,,ANTHROPOGENIC,TOXICITY,,ANTHROPOGENIC CONDITION,Nov,ANTHROPOGENIC CONDITION,,0,0,0,0,0,0,0,0,0,0,0,0,0,0,0,0,0,0,0,0,0,0,0,0,0,0,0,1,0,0,0,0,0,0,0,0,0,0,0,0,0,0,0,0,0,-93.40261,48.602535
30,S2004037,HENNEPIN,MN,MISSISSIPI RIVER,,,,,,5-Mar-04,,,2004,,,UNKNOWN,UNKNOWN,,UNKNOWN,Mar,UNKNOWN,,0,0,0,0,0,0,1,0,0,0,0,0,0,0,0,0,0,0,0,0,0,0,0,0,0,0,0,0,0,0,0,0,0,0,0,0,0,0,0,0,0,0,0,0,0,NA,NA
31,S2004055,HENNEPIN,MN,SMETANA LAKE,,,,,,31-Mar-04,,,2004,,,NATURAL,ENVIRONMENTAL CONDITION,,Winterkill,Mar,WINTERKILL,,0,0,0,0,0,0,1,0,0,0,0,0,0,0,0,0,0,0,0,0,0,0,0,0,0,0,0,0,0,0,0,0,0,0,0,0,0,0,0,0,0,0,0,0,0,-93.4139,44.8629 
32,S2004056,OLMSTEAD,MN,NA,,,,,,31-Mar-04,,,2004,,,NATURAL,ENVIRONMENTAL CONDITION,,Winterkill,Mar,WINTERKILL,,0,0,0,0,0,0,0,0,0,0,0,0,0,0,0,0,0,0,0,0,0,0,0,0,0,0,0,0,0,0,0,0,0,0,0,0,0,0,1,0,0,0,0,0,0,NA,NA
33,S2004057,HENNEPIN,MN,SOUTH TWIN LAKE,,,,,,31-Mar-04,,,2004,,,NATURAL,ENVIRONMENTAL CONDITION,,Winterkill,Mar,WINTERKILL,,0,0,0,0,0,0,1,0,0,0,0,0,0,0,0,0,0,0,0,0,0,0,0,0,0,0,0,0,0,0,0,0,0,0,0,0,0,0,1,0,0,1,0,0,0,-95.6448,47.2325 
34,PL2004041,BIG STONE,MN,EAST TOQUA LAKE,,,,,,2-Apr-04,,,2004,,,NA,NA,,NA,Apr,NA,,0,0,0,0,0,0,1,0,0,0,0,0,0,0,0,0,0,0,0,0,0,0,0,0,0,0,0,0,0,0,0,0,0,0,0,0,0,0,0,0,0,0,0,0,0,-96.4436,45.5614  
35,S2004064,HENNEPIN,MN,SAUNDERS LAKE,,,,,,6-Apr-04,,,2004,,,NATURAL,ENVIRONMENTAL CONDITION,,Winterkill,Apr,WINTERKILL,,0,0,0,0,0,0,0,0,0,0,0,0,0,0,0,0,0,0,0,0,0,0,0,0,0,0,0,0,0,0,0,0,0,0,0,0,0,0,1,0,0,0,0,0,0,-93.6911,44.9288 
36,S2003062,HENNEPIN,MN,DIAMOND LAKE,,,,,,7-Apr-04,,,2004,,,NATURAL,ENVIRONMENTAL CONDITION,,Winterkill,Apr,WINTERKILL,,0,0,0,0,0,0,0,0,0,0,0,0,0,0,0,0,0,0,0,0,0,1,0,0,0,0,0,0,0,0,0,0,0,0,0,0,0,0,0,0,0,0,0,0,0,NA,NA
37,S2004065,OLMSTEAD,MN,NA,,,,,,7-Apr-04,,,2004,,,NATURAL,ENVIRONMENTAL CONDITION,,Winterkill,Apr,WINTERKILL,,0,0,0,0,0,0,0,0,0,0,0,0,0,0,0,0,0,0,0,0,0,0,0,0,0,0,0,0,0,0,0,0,0,0,0,0,0,0,1,0,0,0,0,0,0,NA,NA
38,S2004130,BLUE EARTH,MN,MINNEOPA CREEK,,,,,,17-Jun-04,,,2004,,UNKNOWN,UNKNOWN,UNKNOWN,,UNKNOWN,Jun,UNKNOWN,,UNKNOWN,UNKNOWN,UNKNOWN,UNKNOWN,UNKNOWN,UNKNOWN,UNKNOWN,UNKNOWN,UNKNOWN,UNKNOWN,UNKNOWN,UNKNOWN,UNKNOWN,UNKNOWN,UNKNOWN,UNKNOWN,UNKNOWN,UNKNOWN,UNKNOWN,UNKNOWN,UNKNOWN,UNKNOWN,UNKNOWN,UNKNOWN,UNKNOWN,UNKNOWN,UNKNOWN,UNKNOWN,UNKNOWN,UNKNOWN,UNKNOWN,UNKNOWN,UNKNOWN,UNKNOWN,UNKNOWN,UNKNOWN,UNKNOWN,UNKNOWN,UNKNOWN,UNKNOWN,UNKNOWN,UNKNOWN,UNKNOWN,UNKNOWN,UNKNOWN,-94.095838,44.150926
39,S2004137,HENNEPIN,MN,LAKE HARRIET,,,,,,17-Jun-04,,,2004,,SUSPECTED,UNKNOWN,UNKNOWN,,COLUMNARIS,Jun,UNKNOWN,,0,0,0,0,0,0,0,0,0,0,0,1,0,0,0,0,0,0,0,0,0,0,0,0,0,0,0,0,0,0,0,0,0,0,0,0,0,0,0,0,0,0,0,0,0,-93.3054,44.922  
40,PL2004121,SWIFT,MN,HASSEL LAKE,,,,,,21-Jun-04,,,2004,,NA,NA,NA,,NA,Jun,NA,,0,0,0,0,0,0,1,0,0,0,0,0,0,0,0,0,0,0,0,0,0,0,0,0,0,0,0,0,0,0,0,0,0,0,0,0,0,0,0,0,0,0,0,0,0,-95.5697,45.3895 
41,S2004151,BROWN,MN,NA,,,,,,10-Jul-04,,,2004,,,UNKNOWN,UNKNOWN,,ANTHROPOGENIC CONDITION,Jul,UNKNOWN,,0,0,0,0,0,1,0,0,0,0,0,0,0,0,0,0,0,0,0,0,0,0,0,0,0,0,0,0,0,0,0,0,0,0,0,0,0,0,0,0,0,0,0,0,0,NA,NA
42,S2004173,BROWN,MN,NA,,,,,,12-Jul-04,,,2004,,,ANTHROPOGENIC,TOXICITY,,ANTHROPOGENIC CONDITION,Jul,ANTHROPOGENIC CONDITION,,0,0,0,0,0,1,0,0,0,0,0,0,0,0,0,0,0,0,0,0,0,0,0,1,0,0,0,0,0,0,0,0,0,0,0,0,0,0,0,0,0,0,0,0,0,NA,NA
43,S2004161,HENNEPIN,MN,ELM CREEK,,,,,,23-Jul-04,,,2004,,,NATURAL,ENVIRONMENTAL CONDITION,,DISSOLVED OXYGEN,Jul,?,,0,0,0,0,0,0,0,0,0,0,0,1,0,0,0,0,0,0,0,0,0,0,0,0,0,0,0,0,0,0,0,0,0,0,0,0,0,0,1,0,0,0,0,0,0,NA,NA
44,S2004168,BECKER,MN,ROUND LAKE,,,,,,2-Aug-04,,,2004,,,NATURAL,ENVIRONMENTAL CONDITION,,DISSOLVED OXYGEN,Aug,?,,0,0,0,0,0,1,0,0,0,0,0,1,0,0,0,0,1,0,0,0,0,0,0,0,0,0,0,0,0,0,0,0,0,0,0,0,0,0,1,0,0,1,0,0,0,NA,NA
45,S2004174,OLMSTEAD,MN,NA,,,,,,5-Aug-04,,,2004,,,NATURAL,ENVIRONMENTAL CONDITION,,DISSOLVED OXYGEN,Aug,?,,UNKNOWN,UNKNOWN,UNKNOWN,UNKNOWN,UNKNOWN,UNKNOWN,UNKNOWN,UNKNOWN,UNKNOWN,UNKNOWN,UNKNOWN,UNKNOWN,UNKNOWN,UNKNOWN,UNKNOWN,UNKNOWN,UNKNOWN,UNKNOWN,UNKNOWN,UNKNOWN,UNKNOWN,UNKNOWN,UNKNOWN,UNKNOWN,UNKNOWN,UNKNOWN,UNKNOWN,UNKNOWN,UNKNOWN,UNKNOWN,UNKNOWN,UNKNOWN,UNKNOWN,UNKNOWN,UNKNOWN,UNKNOWN,UNKNOWN,UNKNOWN,UNKNOWN,UNKNOWN,UNKNOWN,UNKNOWN,UNKNOWN,UNKNOWN,UNKNOWN,NA,NA
46,PL2004147,WASHINGTON,MN,BIG CARNELIAN LAKE,,,,,,24-Aug-04,,,2004,,UNKNOWN,UNKNOWN,UNKNOWN,,UNKNOWN,Aug,UNKNOWN,,0,0,0,0,0,0,1,0,0,0,0,0,0,0,0,0,0,0,0,0,0,0,0,0,0,0,0,0,0,0,0,0,0,0,0,0,0,0,1,0,0,0,0,0,0,-94.2744   ,45.3674 
47,S2004208,LINCOLN,MN,LAKE BENTON,,,,,,25-Sep-04,,,2004,,,NATURAL,ENVIRONMENTAL CONDITION,,Algal bloom,Sep,?,,0,0,0,0,0,0,0,0,0,0,0,0,0,0,0,0,0,0,0,0,0,0,0,0,0,0,0,0,0,0,0,0,0,0,0,0,0,0,0,0,0,0,0,0,0,-96.2554    ,44.2872 
48,S2004249,WASHINGTON,MN,ST.CROIX RIVER,,,,,,17-Dec-04,,,2004,,,ANTHROPOGENIC,TOXICITY,,DIRECT TEMPERATURE STRESS,Dec,ANTHROPOGENIC CONDITION,,0,0,0,0,0,0,0,0,0,0,0,0,0,0,0,0,0,0,1,0,0,0,0,0,0,0,0,0,0,0,0,0,0,0,0,0,0,0,0,0,0,0,0,0,0,-92.809442,45.056364
49,S2005025,WRIGHT,MN,MISSISSIPI RIVER,,,,,,5-Mar-05,,,2005,,,NATURAL,ENVIRONMENTAL CONDITION,,DIRECT TEMPERATURE STRESS,Mar,?,,0,0,0,0,0,0,1,0,1,0,0,0,0,0,0,0,0,0,0,0,0,0,0,0,0,0,0,0,0,0,0,0,0,1,0,0,0,0,1,0,0,0,0,0,0,-93.776005,45.299951
50,S2005049,STEARNS,MN,STUMP LAKE,,,,,,26-Mar-05,,,2005,,,NATURAL,ENVIRONMENTAL CONDITION,,Winterkill,Mar,WINTERKILL,,0,0,0,0,0,0,0,0,0,0,0,0,0,0,0,0,0,0,0,0,0,0,0,0,0,0,0,0,0,0,0,0,0,0,0,0,0,0,1,0,0,0,0,0,0,-94.3998,45.5796
51,PL2005066,BLUE EARTH,MN,EAGLE LAKE,,,,,,22-Apr-05,,,2005,,UNKNOWN,UNKNOWN,UNKNOWN,,UNKNOWN,Apr,UNKNOWN,,0,0,0,0,0,0,0,0,0,0,0,1,0,0,0,0,0,0,0,0,0,0,0,0,0,0,0,0,0,0,0,0,0,0,0,0,0,0,0,0,0,0,0,0,0,-93.8926,44.1889
52,S2005100,GOODHUE,MN,MISSISSIPI RIVER,,,,,,26-Apr-05,,,2005,,,ANTHROPOGENIC,TOXICITY,,ANTHROPOGENIC CONDITION,Apr,ANTHROPOGENIC CONDITION,,0,0,0,0,0,0,1,0,1,0,0,0,0,0,0,0,0,0,0,0,0,0,0,0,0,0,0,0,0,0,0,0,0,1,0,0,0,0,1,0,0,0,0,0,0,-92.545815,44.566713
53,S2005114,HENNEPIN,MN,TWIN LAKE,,,,,,29-May-05,,,2005,,,NATURAL,INFECTIOUS AGENTS,,COLUMNARIS,May,INFECTIOUS AGENT,,0,0,0,0,0,0,1,0,0,0,0,1,0,0,0,0,0,0,0,0,0,0,0,1,0,0,0,0,0,0,0,0,0,0,0,0,0,0,0,0,0,0,0,0,0,NA,NA
54,S2005115,HENNEPIN,MN,PARKERS LAKE,,,,,,5-Jun-05,,,2005,,,NATURAL,INFECTIOUS AGENTS,,COLUMNARIS,Jun,INFECTIOUS AGENT,,0,0,0,0,0,0,0,0,0,0,0,0,0,0,0,0,0,0,0,0,0,0,0,0,0,0,0,0,0,0,0,0,0,0,0,0,0,0,1,0,0,0,0,0,0,-93.4718,44.9935
55,S2005117,SHERBURNE,MN,RUSH LAKE,,,,,,5-Jun-05,,,2005,,,NATURAL,INFECTIOUS AGENTS,,COLUMNARIS,Jun,INFECTIOUS AGENT,,0,0,0,0,0,0,0,0,0,0,0,1,0,0,0,0,0,0,0,0,0,0,0,0,0,0,0,0,0,0,0,0,0,0,0,0,0,0,0,0,0,0,0,0,0,-93.9331,45.4909
56,S2005118,SHERBURNE,MN,JULIA LAKE,,,,,,6-Jun-05,,,2005,,,NATURAL,INFECTIOUS AGENTS,,COLUMNARIS,Jun,INFECTIOUS AGENT,,0,0,0,0,0,0,0,0,0,0,0,1,0,0,0,0,0,0,0,0,0,0,0,0,0,0,0,0,0,0,0,0,0,0,0,0,0,0,0,0,0,0,0,0,0,-94.8894,47.6689
57,PL2005105,BELTRAMI,MN,JULIA LAKE,,,,,,7-Jun-05,,,2005,,,NATURAL,INFECTIOUS AGENTS,,COLUMNARIS,Jun,INFECTIOUS AGENT,,0,0,0,0,0,0,0,0,0,0,0,1,0,0,0,0,0,0,0,0,0,0,0,0,0,0,0,0,0,0,0,0,0,0,0,0,0,0,1,0,0,0,0,0,0,-94.8894,47.6689
58,PL2005106,BELTRAMI,MN,JULIA LAKE,,,,,,7-Jun-05,,,2005,,UNKNOWN,UNKNOWN,UNKNOWN,,UNKNOWN,Jun,UNKNOWN,,0,0,0,0,0,0,0,0,0,0,0,1,0,0,0,0,0,0,0,0,0,0,0,0,0,0,0,0,0,0,0,0,0,0,0,0,0,0,0,0,0,0,0,0,0,-94.8894,47.6689
59,S2005127,SCOTT,MN,SPRING LAKE,,,,,,12-Jun-05,,,2005,,,NATURAL,INFECTIOUS AGENTS,,COLUMNARIS,Jun,INFECTIOUS AGENT,,0,0,0,0,0,0,0,0,0,0,0,0,0,0,0,0,0,0,0,0,0,0,0,0,0,0,0,0,0,0,0,0,0,0,0,0,0,0,1,0,0,0,0,0,0,-93.4722  ,44.7
60,S2005128,HENNEPIN,MN,FISH LAKE,,,,,,12-Jun-05,,,2005,,,NATURAL,INFECTIOUS AGENTS,,COLUMNARIS,Jun,INFECTIOUS AGENT,,0,0,0,0,0,0,0,0,0,0,0,1,0,0,0,0,0,0,0,0,0,0,0,0,0,0,0,0,0,0,0,0,0,0,0,0,0,0,0,0,0,0,0,0,0,-93.4638  ,45.0932    
61,S2005130,ANOKA,MN,LINWOOD LAKE,,,,,,13-Jun-05,,,2005,,,NATURAL,INFECTIOUS AGENTS,,COLUMNARIS,Jun,INFECTIOUS AGENT,,0,0,0,0,0,0,0,0,0,0,0,1,0,0,0,0,0,0,0,0,0,0,0,0,0,0,0,0,0,0,0,0,0,0,0,0,0,0,1,0,0,0,0,0,0,-93.11,45.3518  
62,PL2005116,ANOKA,MN,SPRING LAKE,,,,,,13-Jun-05,,,2005,,SUSPECTED,UNKNOWN,UNKNOWN,,COLUMNARIS,Jun,UNKNOWN,,0,0,0,0,0,0,0,0,0,0,0,1,0,0,0,0,0,0,0,0,0,0,0,0,0,0,0,0,0,0,0,0,0,0,0,0,0,0,1,0,0,0,0,0,0,-93.2322,45.1104 
63,PL2005117(S2005131),OLMSTEAD,MN,WILLOW CREEK,,,,,,14-Jun-05,,,2005,,,NATURAL,INFECTIOUS AGENTS,,COLUMNARIS,Jun,INFECTIOUS AGENT,,0,0,0,0,0,0,0,0,0,0,0,1,0,0,0,0,0,0,0,0,0,0,0,0,0,0,0,0,0,0,0,0,0,0,0,0,0,0,1,0,0,0,0,0,0,-92.48764,43.942266
64,S2005139,WRIGHT,MN,SUGAR LAKE,,,,,,17-Jun-05,,,2005,,,NATURAL,INFECTIOUS AGENTS,,COLUMNARIS,Jun,INFECTIOUS AGENT,,0,0,0,0,0,0,0,0,0,0,0,1,0,0,0,0,0,0,0,0,0,0,0,0,0,0,0,0,0,0,0,0,0,0,0,0,0,0,0,0,0,0,0,0,0,-94.0378   ,45.3178   
65,PL2005121(S2005144),SHERBURNE,MN,CLEAR LAKE,,,,,,24-Jun-05,,,2005,,,ANTHROPOGENIC,TOXICITY,,ANTHROPOGENIC CONDITION,Jun,ANTHROPOGENIC CONDITION,,0,0,0,0,0,0,0,0,0,0,0,1,0,0,0,0,0,0,0,0,0,0,0,0,0,0,0,0,0,0,0,0,0,0,0,0,0,0,0,0,0,0,0,0,0,-94.0454,45.4462   
66,PL2005122(S2005146),CARLTON,MN,CHUB LAKE,,,,,,24-Jun-05,,,2005,,UNKNOWN,UNKNOWN,UNKNOWN,,UNKNOWN,Jun,UNKNOWN,,0,0,0,0,0,0,0,0,0,0,0,1,0,0,0,0,0,0,0,0,0,0,0,0,0,0,0,0,0,0,0,0,0,0,0,0,0,0,0,0,0,0,0,0,0,-92.4593,46.6236
67,S2005152,STEELE,MN,BEAVER LAKE,,,,,,4-Jul-05,,,2005,,,NATURAL,INFECTIOUS AGENTS,,COLUMNARIS,Jul,INFECTIOUS AGENT,,0,0,0,0,0,0,0,0,0,0,0,1,0,0,0,0,0,0,0,0,0,0,0,0,0,0,0,0,0,0,0,0,0,0,0,0,0,0,0,0,0,0,0,0,0,-93.3498   ,43.8917 
68,S2005163,FARIBAULT,MN,RICE LAKE,,,,,,16-Jul-05,,,2005,,,NATURAL,ENVIRONMENTAL CONDITION,,Summerkill,Jul,?,,0,0,0,0,0,0,0,0,0,0,0,0,0,0,0,0,0,0,0,0,0,0,0,1,0,0,0,0,0,0,0,0,0,0,0,0,0,0,0,0,0,0,0,0,0,NA,NA
69,S2005181,LYON,MN,NA,,,,,,20-Jul-05,,,2005,,,ANTHROPOGENIC,TOXICITY,,ANTHROPOGENIC CONDITION,Jul,ANTHROPOGENIC CONDITION,,0,0,0,0,0,0,0,0,0,0,0,0,0,0,0,0,0,0,0,0,0,0,0,0,0,0,0,0,0,0,0,0,0,0,0,0,0,0,1,0,0,0,0,0,0,NA,NA
70,S2005170,BROWN,MN,HANSKA LAKE,,,,,,20-Jul-05,,,2005,,,NATURAL,ENVIRONMENTAL CONDITION,,Summerkill,Jul,?,,0,0,0,0,0,0,0,0,0,0,0,1,0,0,0,0,0,0,0,0,0,0,0,0,0,0,0,0,0,0,0,0,0,0,0,0,0,0,0,0,0,0,0,0,0,-94.6046,44.1373
71,S2005173,WRIGHT,MN,RAMSEY LAKE,,,,,,21-Jul-05,,,2005,,,NATURAL,ENVIRONMENTAL CONDITION,,Summerkill,Jul,?,,0,0,0,0,0,0,0,0,0,0,0,0,0,0,0,0,0,0,0,0,0,0,0,0,0,0,0,0,0,0,0,0,0,0,0,0,0,0,1,0,0,0,0,0,0,-93.9964   ,45.2103
72,S2005180,HENNEPIN,MN,LOST LAKE,,,,,,25-Jul-05,,,2005,,,NATURAL,ENVIRONMENTAL CONDITION,,Summerkill,Jul,?,,0,0,0,0,0,0,0,0,0,0,0,0,0,0,0,0,0,0,0,0,0,0,0,0,0,0,0,0,0,0,0,0,0,1,0,0,0,0,1,0,0,0,0,0,1,-93.4154 ,45.0307   
73,S2005186,OLMSTEAD,MN,BEARCREEK RESERVE,,,,,,30-Jul-05,,,2005,,,NATURAL,INFECTIOUS AGENTS,,Environmental gill disease,Jul,INFECTIOUS AGENT,,0,0,0,0,0,0,0,0,1,0,0,1,0,0,0,0,0,0,0,0,0,0,0,0,0,0,0,0,0,0,0,0,0,0,0,0,0,0,1,0,0,0,0,0,0,-92.464819,44.023841
74,S2005207,BLUE EARTH,MN,RICE LAKE,,,,,,6-Aug-05,,,2005,,UNKNOWN,UNKNOWN,UNKNOWN,,UNKNOWN,Aug,UNKNOWN,,0,0,0,0,0,0,0,0,1,0,0,0,0,0,0,0,0,0,0,0,0,0,0,0,0,0,0,0,0,0,0,0,0,0,0,0,0,0,0,0,0,0,0,0,0,-93.8758,44.0486  
75,S2005192,RAMSEY,MN,LAKE EMILY,,,,,,8-Aug-05,,,2005,,,NATURAL,ENVIRONMENTAL CONDITION,,DISSOLVED OXYGEN,Aug,?,,0,0,0,0,0,0,0,0,0,0,0,1,0,0,0,0,0,0,0,0,0,0,0,0,0,0,0,0,0,0,0,0,0,0,0,0,0,0,1,0,0,0,0,0,0,-93.1285  ,45.0405 
76,S2005200,HENNEPIN,MN,BASS LAKE,,,,,,13-Aug-05,,,2005,,,ANTHROPOGENIC,TOXICITY,,ANTHROPOGENIC CONDITION,Aug,ANTHROPOGENIC CONDITION,,0,0,0,0,0,0,0,0,0,0,0,0,0,0,0,0,0,0,0,0,0,0,0,0,0,0,0,0,0,0,0,0,0,0,0,0,0,0,1,0,0,0,0,0,0,-93.4332,45.0537 
77,S2005208,FARIBAULT,MN,RICE LAKE,,,,,,13-Aug-05,,,2005,,UNKNOWN,UNKNOWN,UNKNOWN,,UNKNOWN,Aug,UNKNOWN,,0,0,0,0,0,1,0,0,0,0,0,0,0,0,0,0,0,0,0,0,0,0,0,0,0,0,0,0,0,0,0,0,0,0,0,0,0,0,0,0,0,0,0,0,0,NA,NA
78,PL2005150,BLUE EARTH,MN,BLUE EARTH RIVER,,,,,,18-Aug-05,,,2005,,UNKNOWN,UNKNOWN,UNKNOWN,,UNKNOWN,Aug,UNKNOWN,,0,0,0,0,0,0,0,0,1,0,0,0,0,0,0,0,0,0,0,0,0,0,0,0,0,0,0,0,0,0,0,0,0,0,0,0,0,0,0,0,0,0,0,0,0,-93.980198,44.176464
79,PL2005157,CROW WING,MN,OSSAWINNAMAKEE LAKE,,,,,,26-Aug-05,,,2005,,UNKNOWN,UNKNOWN,UNKNOWN,,UNKNOWN,Aug,UNKNOWN,,0,0,0,0,0,0,0,0,0,0,1,0,0,0,0,0,0,0,0,0,0,0,0,0,0,0,0,0,0,0,0,0,0,0,0,0,0,0,0,0,0,0,0,0,0,-94.2207,46.635
80,PL2005159,BLUE EARTH,MN,BLUE EARTH RIVER/WANTOWAN RIVER,,,,,,30-Aug-05,,,2005,,UNKNOWN,UNKNOWN,UNKNOWN,,UNKNOWN,Aug,UNKNOWN,,0,0,0,0,0,0,0,0,1,0,0,0,0,0,0,0,0,0,0,0,0,0,0,0,0,0,0,0,0,0,0,0,0,0,0,0,0,0,0,0,0,0,0,0,0,-93.980198,44.176464
81,PL2005161,FARIBAULT,MN,CANNON RIVER,,,,,,31-Aug-05,,,2005,,,NATURAL,INFECTIOUS AGENTS,,Bacterial Gill disease,Aug,INFECTIOUS AGENT,,0,0,0,0,0,1,0,0,0,0,0,0,0,0,0,0,0,0,0,0,0,0,0,0,0,0,0,0,0,0,0,0,0,0,0,0,0,0,0,0,0,0,0,0,0,-92.7348,44.567781
82,PL2005163,BLUE EARTH,MN,WANTOWAN RIVER,,,,,,6-Sep-05,,,2005,,,NATURAL,INFECTIOUS AGENTS,,Intralamellar Henneguya,Sep,INFECTIOUS AGENT,,0,0,0,0,0,0,0,0,1,0,0,0,0,0,0,0,0,0,0,0,0,0,0,0,0,0,0,0,0,0,0,0,0,0,0,0,0,0,0,0,0,0,0,0,0,-93.980198,44.176464
83,PL2005166,LINCOLN,MN,HENDRICKS LAKE,,,,,,8-Sep-05,,,2005,,UNKNOWN,UNKNOWN,UNKNOWN,,UNKNOWN,Sep,UNKNOWN,,0,0,0,0,0,0,1,0,0,0,0,0,0,0,0,0,0,0,0,0,0,0,0,0,0,0,0,0,0,0,0,0,0,0,0,0,0,0,0,0,0,0,0,0,0,-96.4428,44.4914  
84,S2005227,NOBLES,MN,LITTLE ROCK CREEK,,,,,,9-Sep-05,,,2005,,UNKNOWN,UNKNOWN,UNKNOWN,,UNKNOWN,Sep,UNKNOWN,,0,0,0,0,0,1,1,0,0,0,0,0,0,0,0,0,0,0,0,0,0,1,0,1,0,0,0,0,0,0,0,0,0,0,0,0,0,0,0,0,0,0,0,0,0,-95.597731,43.620984
85,S2005281,MOWER,MN,CEDAR RIVER,,,,,,27-Dec-05,,,2005,,UNKNOWN,UNKNOWN,UNKNOWN,,UNKNOWN,Dec,UNKNOWN,,0,0,0,0,0,0,0,0,0,0,0,0,0,0,0,0,0,0,0,0,0,0,0,0,0,0,0,0,0,0,0,0,0,0,0,0,0,0,1,0,0,0,0,0,0,-92.972365,43.667391
86,S2006034,RAMSEY,MN,LITTLE GOOSE LAKE,,,,,,12-Apr-06,,,2006,,,NATURAL,ENVIRONMENTAL CONDITION,,Winterkill,Apr,WINTERKILL,,0,0,0,0,0,1,0,0,0,0,0,0,0,0,0,0,0,0,0,0,0,0,0,0,0,0,0,0,0,0,0,0,0,0,0,0,0,0,0,0,0,0,0,0,0,-93.017422,45.070098 
87,S2006035,SCOTT,MN,NA,,,,,,12-Apr-06,,,2006,,,NATURAL,ENVIRONMENTAL CONDITION,,Winterkill,Apr,WINTERKILL,,0,0,0,0,0,0,0,0,0,0,0,1,0,0,0,0,0,0,0,0,0,0,0,0,0,0,0,0,0,0,0,0,0,0,0,0,0,0,0,0,0,0,0,0,0,NA,NA
88,PL2006068,NA,MN,NA,,,,,,18-Apr-06,,,2006,,,NATURAL,ENVIRONMENTAL CONDITION,,DISSOLVED OXYGEN,Apr,?,,0,0,0,0,0,0,0,0,0,0,0,0,0,0,0,0,0,0,0,0,0,0,0,0,0,0,0,0,0,0,0,0,0,0,0,0,0,0,1,0,0,0,0,0,0,NA,NA
89,S2006039,LE SUEUR,MN,TETONKA LAKE,,,,,,18-Apr-06,,,2006,,,NATURAL,ENVIRONMENTAL CONDITION,,DISSOLVED OXYGEN,Apr,?,,UNKNOWN,UNKNOWN,UNKNOWN,UNKNOWN,UNKNOWN,UNKNOWN,UNKNOWN,UNKNOWN,UNKNOWN,UNKNOWN,UNKNOWN,UNKNOWN,UNKNOWN,UNKNOWN,UNKNOWN,UNKNOWN,UNKNOWN,UNKNOWN,UNKNOWN,UNKNOWN,UNKNOWN,UNKNOWN,UNKNOWN,UNKNOWN,UNKNOWN,UNKNOWN,UNKNOWN,UNKNOWN,UNKNOWN,UNKNOWN,UNKNOWN,UNKNOWN,UNKNOWN,UNKNOWN,UNKNOWN,UNKNOWN,UNKNOWN,UNKNOWN,UNKNOWN,UNKNOWN,UNKNOWN,UNKNOWN,UNKNOWN,UNKNOWN,UNKNOWN,-93.6095,44.2305
90,PL2006077,NA,MN,NA,,,,,,20-Apr-06,,,2006,,SUSPECTED,UNKNOWN,UNKNOWN,,DISSOLVED OXYGEN,Apr,UNKNOWN,,0,0,0,0,0,0,0,0,0,0,0,0,0,0,0,0,0,0,0,0,0,0,0,0,0,0,0,0,0,0,0,0,0,0,0,0,0,0,1,0,0,0,0,0,0,NA,NA
91,PL2006078,NA,MN,NA,,,,,,20-Apr-06,,,2006,,SUSPECTED,UNKNOWN,UNKNOWN,,DISSOLVED OXYGEN,Apr,UNKNOWN,,0,0,0,0,0,0,0,0,0,0,0,0,0,0,0,0,0,0,0,0,0,0,0,0,0,0,0,0,0,0,0,0,0,0,0,0,0,0,1,0,0,0,0,0,0,NA,NA
92,S2006051,LE SUEUR,MN,TETONKA LAKE,,,,,,21-Apr-06,,,2006,,,NATURAL,ENVIRONMENTAL CONDITION,,DISSOLVED OXYGEN,Apr,?,,0,0,0,0,0,0,0,0,0,0,0,0,0,0,0,0,0,0,0,0,0,0,0,0,0,0,0,0,0,0,0,0,0,0,0,0,0,0,1,0,0,0,0,0,0,-93.6095,44.2305
93,PL2006097(S2006052),WRIGHT,MN,BEEBE LAKE,,,,,,11-May-06,,,2006,,UNKNOWN,UNKNOWN,UNKNOWN,,UNKNOWN,May,UNKNOWN,,0,0,0,0,0,0,0,0,0,0,0,0,0,0,0,0,0,0,0,0,0,0,0,0,0,0,0,0,0,0,0,0,0,0,0,0,0,0,1,0,0,0,0,0,0,-93.743,45.1743  
94,S2006073,WRIGHT,MN,LOCKE LAKE,,,,,,3-Jun-06,,,2006,,,NATURAL,ENVIRONMENTAL CONDITION,,Stress,Jun,?,,1,0,0,0,0,0,0,0,0,0,0,0,0,0,0,0,0,0,0,0,0,0,0,0,0,0,0,0,0,0,0,0,0,0,0,0,0,0,1,0,0,1,0,0,0,-93.9601,45.3602
95,S2006075,STEARNS,MN,COLD SPRING CREEK,,,,,,4-Jun-06,,,2006,,UNKNOWN,UNKNOWN,UNKNOWN,,UNKNOWN,Jun,UNKNOWN,,0,0,0,0,0,0,0,0,0,0,0,0,0,0,0,0,0,0,0,0,0,0,0,0,0,0,0,0,0,0,0,0,0,0,0,0,0,0,0,0,1,0,0,0,0,-94.335199,"45.475599,"
96,S2006081,HENNEPIN,MN,SHINGLE CREEK,,,,,,4-Jun-06,,,2006,,,ANTHROPOGENIC,TOXICITY,,ANTHROPOGENIC CONDITION,Jun,ANTHROPOGENIC CONDITION,,0,0,0,0,0,0,1,0,0,0,0,1,0,0,0,0,0,0,0,0,0,0,0,0,0,0,0,0,0,0,0,0,0,0,0,0,0,0,0,0,0,0,0,0,0,-93.306995,45.048838
97,PL2006110,WABASHA,MN,COLD BROOK SPRING,,,,,,5-Jun-06,,,2006,,UNKNOWN,UNKNOWN,UNKNOWN,,UNKNOWN,Jun,UNKNOWN,,0,0,0,0,0,0,0,0,0,0,0,0,0,0,0,0,0,0,0,0,0,0,0,0,0,0,0,0,0,0,0,0,0,0,0,0,0,0,0,0,1,0,0,0,0,-92.425722,44.303067
98,PL2006111,WRIGHT,MN,LOCKE LAKE,,,,,,5-Jun-06,,,2006,,UNKNOWN,UNKNOWN,UNKNOWN,,UNKNOWN,Jun,UNKNOWN,,0,0,0,0,0,0,0,0,0,0,0,1,0,0,0,0,0,0,0,0,0,0,0,0,0,0,0,0,0,0,0,0,0,0,0,0,0,0,0,0,0,0,0,0,0,-93.9601,45.3602
99,S2006076,BLUE EARTH,MN,CRYSTAL LAKE,,,,,,5-Jun-06,,,2006,,,NATURAL,INFECTIOUS AGENTS,,COLUMNARIS,Jun,INFECTIOUS AGENT,,0,0,0,0,0,0,0,0,0,0,0,0,0,0,0,0,0,0,0,0,0,0,0,0,0,0,0,0,0,0,0,0,0,0,0,0,0,0,0,0,0,0,0,0,0,-94.2039 ,44.1085
100,PL2006112(S2006082),HUBBARD,MN,MIDGE LAKE,,,,,,6-Jun-06,,,2006,,SUSPECTED,UNKNOWN,UNKNOWN,,COLUMNARIS,Jun,UNKNOWN,,0,0,0,0,0,0,0,0,0,0,0,0,0,0,0,0,0,0,0,0,0,0,0,0,0,0,0,0,0,0,0,0,0,0,0,0,0,0,0,0,0,0,0,0,1,-94.7177,47.3871
101,S2006084,WASHINGTON,MN,WHITE BEAR LAKE,,,,,,6-Jun-06,,,2006,,,NATURAL,INFECTIOUS AGENTS,,COLUMNARIS,Jun,INFECTIOUS AGENT,,0,0,0,0,0,0,0,0,0,0,0,1,0,0,0,0,0,0,0,0,0,0,0,0,0,0,0,0,0,0,0,0,0,0,0,0,0,0,0,0,0,0,0,0,0,-92.9886,45.0765  
102,S2006085,WASHINGTON,MN,BALD EAGLE LAKE,,,,,,6-Jun-06,,,2006,,,NATURAL,INFECTIOUS AGENTS,,COLUMNARIS,Jun,INFECTIOUS AGENT,,0,0,0,0,0,0,0,0,0,0,0,1,0,0,0,0,0,0,0,0,0,0,0,0,0,0,0,0,0,0,0,0,0,0,0,0,0,0,1,0,0,0,0,0,0,-93.016765,45.120932
103,S2006086,WASHINGTON,MN,SQUARE LAKE,,,,,,6-Jun-06,,,2006,,,NATURAL,INFECTIOUS AGENTS,,COLUMNARIS,Jun,INFECTIOUS AGENT,,0,0,0,0,0,0,0,0,0,0,0,1,0,0,0,0,0,0,0,0,0,0,0,0,0,0,0,0,0,0,0,0,0,0,0,0,0,0,1,0,0,0,0,0,0,-92.805329,45.156937
104,S2006088,SCOTT,MN,PRIOR LAKE,,,,,,6-Jun-06,,,2006,,,NATURAL,INFECTIOUS AGENTS,,COLUMNARIS,Jun,INFECTIOUS AGENT,,0,0,0,0,0,0,0,0,0,0,0,1,0,0,0,0,0,0,0,0,0,0,0,0,0,0,0,0,0,0,0,0,0,0,0,0,0,0,0,0,0,0,0,0,0,-93.42518,44.714034
105,S2006100,ST.LOUIS,MN,CARIBOU LAKE,,,,,,7-Jun-06,,,2006,,,NATURAL,ENVIRONMENTAL CONDITION,,Summerkill,Jun,?,,0,0,0,0,0,0,0,0,0,0,0,0,0,0,0,0,0,0,0,0,0,0,0,0,0,0,0,0,0,0,0,0,0,0,0,0,0,0,1,0,0,0,0,0,0,-92.311679,46.898065
106,S2006083,WASHINGTON,MN,FOREST LAKE,,,,,,7-Jun-06,,,2006,,,NATURAL,INFECTIOUS AGENTS,,COLUMNARIS,Jun,INFECTIOUS AGENT,,0,0,0,0,0,0,0,0,0,0,0,1,0,0,0,0,0,0,0,0,0,0,0,0,0,0,0,0,0,0,0,0,0,0,0,0,0,0,0,0,0,0,0,0,0,-92.9461,45.2739
107,S2006087,ANOKA,MN,DUTCH LAKE,,,,,,7-Jun-06,,,2006,,,NATURAL,INFECTIOUS AGENTS,,COLUMNARIS,Jun,INFECTIOUS AGENT,,0,0,0,0,0,0,0,0,0,0,0,1,0,0,0,0,0,0,0,0,0,0,0,0,0,0,0,0,0,0,0,0,0,0,0,0,0,0,0,0,0,0,0,0,0,-94.054811,45.053121
108,S2006090,LE SUEUR,MN,WASHINGTON LAKE,,,,,,7-Jun-06,,,2006,,UNKNOWN,UNKNOWN,UNKNOWN,,UNKNOWN,Jun,UNKNOWN,,0,0,0,0,0,0,0,0,0,0,0,1,0,0,0,0,0,0,0,0,0,0,0,0,0,0,0,0,0,0,0,0,0,0,0,0,0,0,0,0,0,0,0,0,0,-93.868349,"44.248280,"
109,S2006091,STEELE,MN,BEAVER LAKE,,,,,,8-Jun-06,,,2006,,,NATURAL,INFECTIOUS AGENTS,,COLUMNARIS,Jun,INFECTIOUS AGENT,,0,0,0,0,0,0,0,0,0,0,0,0,0,0,0,0,0,0,0,0,0,0,0,0,0,0,0,0,0,0,0,0,0,0,0,0,0,0,1,0,0,0,0,0,0,-93.3498   ,43.8917 
110,PL2006113(S2006089),WASECA,MN,REEDS LAKE,,,,,,8-Jun-06,,,2006,,,NATURAL,ENVIRONMENTAL CONDITION,,Environmental stress with Columnaris,Jun,?,,0,0,0,0,0,0,0,0,0,0,0,1,0,0,0,0,0,0,0,0,0,0,0,0,0,0,0,0,0,0,0,0,0,0,0,0,0,0,0,0,0,0,0,0,0,-93.613,44.187    
111,S2006092,DAKOTA,MN,VERMILLION RIVER,,,,,,9-Jun-06,,,2006,,UNKNOWN,UNKNOWN,UNKNOWN,,UNKNOWN,Jun,UNKNOWN,,0,0,0,0,0,0,0,0,0,0,0,0,0,0,0,0,0,0,1,0,0,0,0,0,0,0,0,0,0,0,0,0,0,0,0,0,0,0,0,0,0,0,0,0,0,-92.816549,44.730399
112,S2006102,HENNEPIN,MN,LONG LAKE,,,,,,18-Jun-06,,,2006,,,NATURAL,ENVIRONMENTAL CONDITION,,Summerkill,Jun,?,,0,0,0,0,0,0,0,0,0,0,0,1,0,0,0,0,0,0,0,0,0,0,0,0,0,0,0,0,0,0,0,0,0,0,0,0,0,0,0,0,0,0,0,0,0,NA,NA
113,S2006111,LE SUEUR,MN,ROUND LAKE,,,,,,27-Jun-06,,,2006,,,NATURAL,ENVIRONMENTAL CONDITION,,Summerkill,Jun,?,,0,0,0,0,0,0,1,0,0,0,0,0,0,0,0,0,0,0,0,0,0,0,0,0,0,0,0,0,0,0,0,0,0,0,0,0,0,0,0,0,0,0,0,0,0,-93.7475,44.2173
114,S2006110,RICE,MN,PHELPS LAKE,,,,,,28-Jun-06,,,2006,,,NATURAL,ENVIRONMENTAL CONDITION,,Summerkill,Jun,?,,UNKNOWN,UNKNOWN,UNKNOWN,UNKNOWN,UNKNOWN,UNKNOWN,UNKNOWN,UNKNOWN,UNKNOWN,UNKNOWN,UNKNOWN,UNKNOWN,UNKNOWN,UNKNOWN,UNKNOWN,UNKNOWN,UNKNOWN,UNKNOWN,UNKNOWN,UNKNOWN,UNKNOWN,UNKNOWN,UNKNOWN,UNKNOWN,UNKNOWN,UNKNOWN,UNKNOWN,UNKNOWN,UNKNOWN,UNKNOWN,UNKNOWN,UNKNOWN,UNKNOWN,UNKNOWN,UNKNOWN,UNKNOWN,UNKNOWN,UNKNOWN,UNKNOWN,UNKNOWN,UNKNOWN,UNKNOWN,UNKNOWN,UNKNOWN,UNKNOWN,-93.5021   ,44.4543   
115,S2006109,RICE,MN,CODY LAKE,,,,,,28-Jun-06,,,2006,,,NATURAL,ENVIRONMENTAL CONDITION,,Summerkill,Jun,?,,UNKNOWN,UNKNOWN,UNKNOWN,UNKNOWN,UNKNOWN,UNKNOWN,UNKNOWN,UNKNOWN,UNKNOWN,UNKNOWN,UNKNOWN,UNKNOWN,UNKNOWN,UNKNOWN,UNKNOWN,UNKNOWN,UNKNOWN,UNKNOWN,UNKNOWN,UNKNOWN,UNKNOWN,UNKNOWN,UNKNOWN,UNKNOWN,UNKNOWN,UNKNOWN,UNKNOWN,UNKNOWN,UNKNOWN,UNKNOWN,UNKNOWN,UNKNOWN,UNKNOWN,UNKNOWN,UNKNOWN,UNKNOWN,UNKNOWN,UNKNOWN,UNKNOWN,UNKNOWN,UNKNOWN,UNKNOWN,UNKNOWN,UNKNOWN,UNKNOWN,-93.4966,44.4617 
116,PL2006120,NA,MN,NA,,,,,,30-Jun-06,,,2006,,NA,NA,NA,,NA,Jun,NA,,0,0,0,0,0,0,0,0,0,0,0,1,0,0,0,0,0,0,0,0,0,0,0,0,0,0,0,0,0,0,0,0,0,0,0,0,0,0,0,0,0,0,0,0,0,NA,NA
117,S2006117,HENNEPIN,MN,MOONEY LAKE,,,,,,4-Jul-06,,,2006,,,NATURAL,ENVIRONMENTAL CONDITION,,Summerkill,Jul,?,,0,0,0,0,0,0,0,0,0,0,0,1,0,0,0,0,0,0,0,0,0,0,0,0,0,0,0,0,0,0,0,0,0,0,0,0,0,0,0,0,0,0,0,0,0,-93.5197,45.0007  
118,S2006116,HENNEPIN,MN,SWEENEY LAKE,,,,,,4-Jul-06,,,2006,,,NATURAL,ENVIRONMENTAL CONDITION,,Summerkill,Jul,?,,0,0,0,0,0,0,0,0,0,0,0,1,0,0,0,0,0,0,0,0,0,0,0,0,0,0,0,0,0,0,0,0,0,0,0,0,0,0,0,0,0,0,0,0,0,-93.3378   ,44.9932   
119,S2006123,CARVER,MN,OAK LAKE,,,,,,9-Jul-06,,,2006,,,NATURAL,INFECTIOUS AGENTS,,COLUMNARIS,Jul,INFECTIOUS AGENT,,0,0,0,0,0,0,1,0,0,0,0,0,0,0,0,0,0,0,0,0,0,0,0,0,0,0,0,0,0,0,0,0,0,0,0,0,0,0,0,0,0,0,0,0,0,-93.795 ,44.9546  
120,S2006127,ST.LOUIS,MN,LESTER RIVER,,,,,,13-Jul-06,,,2006,,,NATURAL,ENVIRONMENTAL CONDITION,,DISSOLVED OXYGEN,Jul,?,,0,0,0,0,0,0,0,0,0,0,0,0,0,0,0,0,0,0,0,0,0,0,0,0,0,0,0,0,0,0,0,0,0,0,0,0,0,0,0,0,1,0,0,0,0,-92.002928,46.859971
121,PL2006124,PINE,MN,OAK LAKE,,,,,,13-Jul-06,,,2006,,SUSPECTED,UNKNOWN,UNKNOWN,,COLUMNARIS,Jul,UNKNOWN,,0,0,0,0,0,0,0,0,0,0,0,1,0,0,0,0,0,0,0,0,0,0,0,0,0,0,0,0,0,0,0,0,0,0,0,0,0,0,0,0,0,0,0,0,0,-92.5946,46.3874  
122,S2006130,BLUE EARTH,MN,NA,,,,,,17-Jul-06,,,2006,,SUSPECTED,UNKNOWN,UNKNOWN,,COLUMNARIS,Jul,UNKNOWN,,0,0,0,0,0,1,0,0,0,0,0,0,0,0,0,0,0,0,0,0,0,1,0,0,0,0,0,0,0,0,0,0,0,0,0,0,0,0,1,0,0,0,0,0,0,NA,NA
123,S2006133,ANOKA,MN,MARTIN LAKE,,,,,,19-Jul-06,,,2006,,,NATURAL,ENVIRONMENTAL CONDITION,,Summerkill,Jul,?,,0,0,0,0,0,0,0,0,0,0,0,1,0,0,0,0,0,0,0,0,0,0,0,0,0,0,0,0,0,0,0,0,0,0,0,0,0,0,0,0,0,0,0,0,0,-93.0843  ,45.3846
124,S2006140,CLAY,MN,RED RIVER,,,,,,27-Jul-06,,,2006,,,NATURAL,ENVIRONMENTAL CONDITION,,DISSOLVED OXYGEN,Jul,?,,UNKNOWN,UNKNOWN,UNKNOWN,UNKNOWN,UNKNOWN,UNKNOWN,UNKNOWN,UNKNOWN,UNKNOWN,UNKNOWN,UNKNOWN,UNKNOWN,UNKNOWN,UNKNOWN,UNKNOWN,UNKNOWN,UNKNOWN,UNKNOWN,UNKNOWN,UNKNOWN,UNKNOWN,UNKNOWN,UNKNOWN,UNKNOWN,UNKNOWN,UNKNOWN,UNKNOWN,UNKNOWN,UNKNOWN,UNKNOWN,UNKNOWN,UNKNOWN,UNKNOWN,UNKNOWN,UNKNOWN,UNKNOWN,UNKNOWN,UNKNOWN,UNKNOWN,UNKNOWN,UNKNOWN,UNKNOWN,UNKNOWN,UNKNOWN,UNKNOWN,-96.77168,46.874448
125,S2006177,NA,MN,NA,,,,,,17-Sep-06,,,2006,,UNKNOWN,UNKNOWN,UNKNOWN,,UNKNOWN,Sep,UNKNOWN,,0,0,0,0,0,1,0,0,0,0,0,0,0,0,0,0,0,0,0,0,0,1,0,0,0,0,0,0,0,0,0,0,0,0,0,0,0,0,0,0,0,0,0,0,0,NA,NA
126,S2006181,NA,MN,NA,,,,,,26-Sep-06,,,2006,,,ANTHROPOGENIC,TOXICITY,,ANTHROPOGENIC CONDITION,Sep,ANTHROPOGENIC CONDITION,,0,0,0,0,0,0,0,0,0,0,0,0,0,0,0,0,0,0,0,0,0,1,0,0,0,0,0,0,0,0,0,0,0,0,0,0,0,0,0,0,0,0,0,0,0,NA,NA
127,PL2006181,LE SUEUR,MN,NA,,,,,,29-Sep-06,,,2006,,SUSPECTED,UNKNOWN,UNKNOWN,,ANTHROPOGENIC CONDITION,Sep,UNKNOWN,,0,0,0,0,0,0,0,0,0,0,0,0,0,0,0,0,0,0,0,0,0,1,0,0,0,0,0,0,0,0,0,0,0,0,0,0,0,0,0,0,0,0,0,0,0,NA,NA
128,S2006209,RAMSEY,MN,MISSISSIPI RIVER,,,,,,14-Nov-06,,,2006,,,NATURAL,ENVIRONMENTAL CONDITION,,DIRECT TEMPERATURE STRESS,Nov,?,,0,0,0,0,0,0,0,0,0,0,0,0,0,0,0,0,0,0,1,0,0,0,0,0,0,0,0,0,0,0,0,0,0,0,0,0,0,0,0,0,0,0,0,0,0,-93.035926,44.766967
129,S2007005,GOODHUE,MN,ZUMBRO RIVER,,,,,,6-Jan-07,,,2007,,UNKNOWN,UNKNOWN,UNKNOWN,,UNKNOWN,Jan,UNKNOWN,,1,0,0,0,0,0,0,0,0,0,0,0,0,0,0,0,0,0,0,0,0,0,0,0,0,0,0,0,0,0,0,0,0,0,0,0,0,0,0,0,0,0,0,0,0,-92.475304,44.217281
130,S2007007,WRIGHT,MN,MISSISSIPI RIVER,,,,,,10-Jan-07,,,2007,,,NATURAL,ENVIRONMENTAL CONDITION,,DIRECT TEMPERATURE STRESS,Jan,?,,0,0,0,0,0,0,0,0,1,0,0,0,0,0,0,0,0,0,0,0,1,1,0,0,0,0,0,0,1,0,0,0,0,1,0,0,0,0,1,0,0,1,0,0,0,-93.792015,45.305655
131,S2007033,WRIGHT,MN,MISSISSIPI RIVER,,,,,,14-Mar-07,,,2007,,,NATURAL,ENVIRONMENTAL CONDITION,,DIRECT TEMPERATURE STRESS,Mar,?,,0,0,0,0,0,0,0,0,1,0,0,0,0,0,0,0,0,0,0,0,1,1,0,1,0,0,0,0,0,0,0,0,0,1,0,0,0,0,0,0,0,0,0,0,0,-93.792015,45.305655
132,PL2007031 (S2007032),RAMSEY,MN,MISSISSIPI RIVER,,,,,,19-Mar-07,,,2007,,UNKNOWN,UNKNOWN,UNKNOWN,,UNKNOWN,Mar,UNKNOWN,,0,0,0,0,0,0,0,0,0,0,0,0,0,0,0,0,0,0,1,0,0,0,0,0,0,0,0,0,0,0,0,0,0,0,0,0,0,0,0,0,0,0,0,0,0,-93.035926,44.766967
133,S2007044,OLMSTEAD,MN,ZUMBRO LAKE,,,,,,29-Mar-07,,,2007,,UNKNOWN,UNKNOWN,UNKNOWN,,UNKNOWN,Mar,UNKNOWN,,1,0,0,0,0,0,0,0,0,0,0,0,0,0,0,0,0,0,0,0,0,0,0,0,0,0,0,0,0,0,0,0,0,0,0,0,0,0,0,0,0,0,0,0,0,-92.4617  ,44.1787  
134,S2007062,NA,MN,NA,,,,,,16-Apr-07,,,2007,,,NATURAL,ENVIRONMENTAL CONDITION,,02 Supersaturation,Apr,?,,0,0,0,0,0,0,0,0,0,0,0,1,0,0,0,0,0,0,0,0,0,0,0,0,0,0,0,0,0,0,0,0,0,0,0,0,0,0,1,0,0,0,0,0,0,NA,NA
135,PL2007052,LE SUEUR,MN,TETONKA LAKE,,,,,,20-Apr-07,,,2007,,UNKNOWN,UNKNOWN,UNKNOWN,,UNKNOWN,Apr,UNKNOWN,,0,0,0,0,0,0,0,0,0,0,0,0,0,0,0,0,0,0,0,0,0,0,0,0,0,0,0,0,0,0,0,0,0,0,0,0,0,0,1,0,0,0,0,0,0,-93.6095,44.2305
136,S2007107,WASHINGTON,MN,LILY LAKE,,,,,,1-Jun-07,,,2007,,,NATURAL,INFECTIOUS AGENTS,,COLUMNARIS,Jun,INFECTIOUS AGENT,,0,0,0,0,0,1,0,0,0,0,0,1,0,0,0,0,0,0,0,0,0,0,0,0,0,0,0,0,0,0,0,0,0,0,0,0,0,0,1,0,0,0,0,0,0,-92.823416,45.048669
137,S2007108,ANOKA,MN,COON LAKE,,,,,,1-Jun-07,,,2007,,,NATURAL,INFECTIOUS AGENTS,,COLUMNARIS,Jun,INFECTIOUS AGENT,,0,0,0,0,0,1,0,0,0,0,0,1,0,0,0,0,0,0,0,0,0,0,0,0,0,0,0,0,0,0,0,0,0,0,0,0,0,0,1,0,0,0,0,0,0,-93.167106,45.299459
138,S2007109,RAMSEY,MN,PHALEN LAKE,,,,,,1-Jun-07,,,2007,,,NATURAL,INFECTIOUS AGENTS,,COLUMNARIS,Jun,INFECTIOUS AGENT,,0,0,0,0,0,1,0,0,0,0,0,1,0,0,0,0,0,0,0,0,0,0,0,0,0,0,0,0,0,0,0,0,0,0,0,0,0,0,1,0,0,0,0,0,0,-93.054326,44.98994
139,S2007110,HENNEPIN,MN,NA,,,,,,1-Jun-07,,,2007,,,NATURAL,INFECTIOUS AGENTS,,COLUMNARIS,Jun,INFECTIOUS AGENT,,0,0,0,0,0,1,0,0,0,0,0,1,0,0,0,0,0,0,0,0,0,0,0,0,0,0,0,0,0,0,0,0,0,0,0,0,0,0,1,0,0,0,0,0,0,NA,NA
140,S2007116,HENNEPIN,MN,WEAVER LAKE,,,,,,1-Jun-07,,,2007,,,NATURAL,INFECTIOUS AGENTS,,Gill parasites,Jun,INFECTIOUS AGENT,,0,0,0,0,0,0,0,0,0,0,0,1,0,0,0,0,0,0,0,0,0,0,0,0,0,0,0,0,0,0,0,0,0,0,0,0,0,0,1,0,0,0,0,0,0,-93.501157,45.109268
141,S2007121,HENNEPIN,MN,BASS LAKE,,,,,,6-Jun-07,,,2007,,,NATURAL,ENVIRONMENTAL CONDITION,,DISSOLVED OXYGEN,Jun,?,,0,0,0,0,0,0,1,0,0,0,0,0,0,0,0,0,0,0,0,0,0,0,0,0,0,0,0,0,0,0,0,0,0,0,0,0,0,0,0,0,0,0,0,0,0,-93.43604,45.055604
142,S2007117,POLK,MN,GRAND MARAIS CREEK,,,,,,11-Jun-07,,,2007,,,NATURAL,ENVIRONMENTAL CONDITION,,DISSOLVED OXYGEN,Jun,?,,0,0,0,0,0,0,1,0,0,0,0,0,0,0,0,0,0,0,0,0,0,0,0,0,0,0,0,0,0,0,0,0,0,0,0,0,0,0,0,0,0,0,0,0,0,-96.857424,47.863649
143,PL2007098,HENNEPIN,MN,LAKE HARRIET,,,,,,15-Jun-07,,,2007,,NA,NA,NA,,NA,Jun,NA,,0,0,0,0,0,0,0,0,0,0,0,0,0,0,0,0,0,0,0,0,0,0,0,0,0,0,0,0,0,0,0,0,0,0,0,0,0,0,1,0,0,0,0,0,0,-93.3054,44.922  
144,PL2007099,HENNEPIN,MN,LAKE HARRIET,,,,,,15-Jun-07,,,2007,,NA,NA,NA,,NA,Jun,NA,,0,0,0,0,0,0,0,0,0,0,0,0,0,0,0,0,0,0,0,0,0,0,0,0,0,0,0,0,0,0,0,0,0,0,0,0,0,0,0,0,0,0,1,0,0,-93.3054,44.922  
145,PL2007100,HENNEPIN,MN,LAKE CALHOUN,,,,,,15-Jun-07,,,2007,,NA,NA,NA,,NA,Jun,NA,,0,0,0,0,0,0,0,0,0,0,0,0,0,0,0,0,0,0,0,0,0,0,0,0,0,0,0,0,0,0,0,0,0,0,0,0,0,0,1,0,0,0,0,0,0,-93.312,44.9421  
146,PL2007101,HENNEPIN,MN,LAKE CALHOUN,,,,,,15-Jun-07,,,2007,,NA,NA,NA,,NA,Jun,NA,,0,0,0,0,0,0,0,0,0,0,0,0,0,0,0,0,0,0,0,0,0,0,0,0,0,0,0,0,0,0,0,0,0,0,0,0,0,0,1,0,0,0,0,0,0,-93.312,44.9421  
147,PL2007104,HENNEPIN,MN,LAKE CALHOUN,,,,,,19-Jun-07,,,2007,,,NATURAL,INFECTIOUS AGENTS,,COLUMNARIS,Jun,INFECTIOUS AGENT,,0,0,0,0,0,0,0,0,0,0,0,0,0,0,0,0,0,0,0,0,0,0,0,0,0,0,0,0,0,0,0,0,0,0,0,0,0,0,1,0,0,0,0,0,0,-93.312,44.9421  
148,PL2007105,DAKOTA,MN,CRYSTAL LAKE,,,,,,21-Jun-07,,,2007,,,NATURAL,ENVIRONMENTAL CONDITION,,Environmental stress with Columnaris,Jun,?,,0,0,0,0,0,0,0,0,0,0,0,0,0,0,0,0,0,0,0,0,0,0,0,0,0,0,0,0,0,0,0,0,0,0,0,0,0,0,1,0,0,0,0,0,0,-93.2671,44.7216
149,PL2007108,MANNHOMEN,MN,SOUTH TWIN LAKE,,,,,,22-Jun-07,,,2007,,,NATURAL,INFECTIOUS AGENTS,,Columnaris with parasitic infection,Jun,INFECTIOUS AGENT,,0,0,0,0,0,0,0,0,0,0,0,0,0,0,0,0,0,0,0,0,0,0,0,0,0,0,0,0,0,0,0,0,0,0,0,0,0,0,1,0,0,0,0,0,0,-95.6448,47.2325 
150,S2007136,WASHINGTON,MN,TANNERS LAKE,,,,,,1-Jul-07,,,2007,,,NATURAL,ENVIRONMENTAL CONDITION,,Summerkill,Jul,?,,0,0,0,0,0,0,0,0,0,0,0,0,0,0,0,0,0,0,0,0,0,0,0,0,0,0,0,0,0,0,0,0,0,0,0,0,0,0,1,0,0,0,0,0,0,-92.981285,44.950752
151,PL2007111 (S2007137),WASECA,MN,CLEAR LAKE,,,,,,3-Jul-07,,,2007,,SUSPECTED,UNKNOWN,UNKNOWN,,COLUMNARIS,Jul,UNKNOWN,,0,0,0,0,0,0,0,0,0,0,0,1,0,0,0,0,0,0,0,0,0,0,0,0,0,0,0,0,0,0,0,0,0,0,0,0,0,0,1,0,0,0,0,0,0,-93.482623,44.090113
152,S2007141,LE SUEUR,MN,CANNON LAKE,,,,,,4-Jul-07,,,2007,,,NATURAL,ENVIRONMENTAL CONDITION,,Summerkill,Jul,?,,0,0,0,0,0,0,0,0,0,0,0,0,0,0,0,0,1,0,0,0,0,1,0,0,0,0,0,0,0,0,0,0,0,0,0,0,0,0,0,0,0,0,0,0,1,-93.356579,44.269382
153,PL2007113,BECKER,MN,MEADOW LAKE,,,,,,9-Jul-07,,,2007,,UNKNOWN,UNKNOWN,UNKNOWN,,UNKNOWN,Jul,UNKNOWN,,0,0,0,0,0,1,0,0,0,0,0,0,0,0,0,0,0,0,0,0,0,0,0,0,0,0,0,0,0,0,0,0,0,0,0,0,0,0,0,0,0,0,0,0,0,-95.8714,46.7533  
154,PL2007121,KANDIYOHI,MN,GAMES LAKE,,,,,,18-Jul-07,,,2007,,NA,NA,NA,,NA,Jul,NA,,0,0,0,0,0,0,0,0,0,0,0,0,0,0,0,0,1,0,0,0,0,0,0,0,0,0,0,0,0,0,0,0,0,0,0,0,0,0,0,0,0,0,0,0,0,-95.1006,45.3329  
155,S2007157,POPE,MN,LAKE EMILY,,,,,,25-Jul-07,,,2007,,,NATURAL,ENVIRONMENTAL CONDITION,,Summerkill,Jul,?,,0,0,0,0,0,0,1,0,0,0,0,0,0,0,0,0,0,0,0,0,0,0,0,0,0,0,0,0,0,0,0,0,0,0,0,0,0,0,0,0,0,0,0,0,0,-95.673218,45.515792
156,PL2007126,MILLE LACS,MN,MILLE LACS LAKE,,,,,,27-Jul-07,,,2007,,NA,NA,NA,,NA,Jul,NA,,0,0,0,0,0,0,0,0,0,0,0,0,0,0,0,0,0,0,0,0,0,0,0,0,0,0,0,0,0,0,0,0,0,0,0,0,0,0,0,0,0,0,0,0,1,-93.6437,46.2385 
157,PL2007129,BELTRAMI,MN,UPPER RED LAKE,,,,,,2-Aug-07,,,2007,,UNKNOWN,UNKNOWN,UNKNOWN,,UNKNOWN,Aug,UNKNOWN,,0,0,0,0,0,0,0,0,0,0,0,0,0,0,0,0,1,0,0,0,0,0,0,0,0,0,0,0,0,0,0,0,0,0,0,0,0,0,0,0,0,0,0,0,0,-94.759104,48.13496
158,PL2007131,KANDIYOHI,MN,RINGO LAKE,,,,,,7-Aug-07,,,2007,,NA,NA,NA,,NA,Aug,NA,,0,0,0,0,0,0,0,0,0,0,0,1,0,0,0,0,0,0,0,0,0,0,0,0,0,0,0,0,0,0,0,0,0,0,0,0,0,0,0,0,0,0,0,0,0,-95.0133,45.2283 
159,PL2007132,HENNEPIN,MN,LAKE CALHOUN,,,,,,7-Aug-07,,,2007,,NA,NA,NA,,NA,Aug,NA,,0,0,0,0,0,0,0,0,0,0,0,0,0,0,0,0,0,0,0,0,1,0,0,0,0,0,0,0,0,0,0,0,0,0,0,0,0,0,0,0,0,0,0,0,0,-93.312,44.9421  
160,PL2007133,BELTRAMI,MN,UPPER RED LAKE,,,,,,8-Aug-07,,,2007,,UNKNOWN,UNKNOWN,UNKNOWN,,UNKNOWN,Aug,UNKNOWN,,0,0,0,0,0,0,0,0,0,0,0,0,0,0,0,0,1,0,0,0,0,0,0,0,0,0,0,0,0,0,0,0,0,0,0,0,0,0,0,0,0,0,0,0,0,-94.759104,48.13496
161,PL2007134,KANDIYOHI,MN,NEST LAKE,,,,,,14-Aug-07,,,2007,,,NATURAL,INFECTIOUS AGENTS,,COLUMNARIS,Aug,INFECTIOUS AGENT,,0,0,0,0,0,0,0,0,0,0,0,1,0,0,0,0,0,0,0,0,0,0,0,0,0,0,0,0,0,0,0,0,0,0,0,0,0,0,0,0,0,0,0,0,0,-94.9606,45.2603
162,PL2007135,KANDIYOHI,MN,BIG KANDIYOHI LAKE,,,,,,14-Aug-07,,,2007,,,NATURAL,INFECTIOUS AGENTS,,Bacterial Gill disease,Aug,INFECTIOUS AGENT,,0,0,0,0,0,0,1,0,0,0,0,0,0,0,0,0,0,0,0,0,0,0,0,0,0,0,0,0,0,0,0,0,0,0,0,0,0,0,0,0,0,0,0,0,0,-94.9461,44.9953
163,S2007192,NA,MN,NA,,,,,,19-Aug-07,,,2007,,,NATURAL,ENVIRONMENTAL CONDITION,,DIRECT TEMPERATURE STRESS,Aug,?,,0,0,0,0,0,0,0,0,0,0,1,0,0,0,0,0,0,0,0,0,0,0,0,0,0,0,0,0,0,0,0,0,0,0,0,0,0,0,0,0,0,0,0,0,0,NA,NA
164,S2007203,REDWOOD,MN,COTTONWOOD RIVER,,,,,,23-Aug-07,,,2007,,UNKNOWN,UNKNOWN,UNKNOWN,,UNKNOWN,Aug,UNKNOWN,,0,0,0,0,0,0,1,0,0,0,0,0,0,0,0,0,0,0,0,0,0,0,0,0,0,0,0,0,0,0,0,0,0,0,0,0,0,0,0,0,0,0,0,0,0,-95.876223,44.261587
165,PL2007146,KANDIYOHI,MN,FLORIDA LAKE,,,,,,5-Sep-07,,,2007,,SUSPECTED,UNKNOWN,UNKNOWN,,COLUMNARIS,Sep,UNKNOWN,,0,0,0,0,0,0,0,0,0,0,0,1,0,0,0,0,0,0,0,0,0,0,0,0,0,0,0,0,0,0,0,0,0,0,0,0,0,0,0,0,0,0,0,0,0,-95.0558,45.2518   
166,PL2007147,ANOKA,MN,GEORGE LAKE,,,,,,5-Sep-07,,,2007,,NA,NA,NA,,NA,Sep,NA,,0,0,0,0,0,1,0,0,0,0,0,1,0,0,0,0,0,0,0,0,0,0,0,0,0,0,0,0,0,0,0,0,0,0,0,0,0,0,0,0,0,0,0,0,0,-93.337725,45.357305
167,PL2007148,OTTER TAIL,MN,PELICAN LAKE,,,,,,5-Sep-07,,,2007,,NA,NA,NA,,NA,Sep,NA,,0,0,0,0,0,0,0,0,0,0,0,1,0,0,0,0,0,0,0,0,0,0,0,0,0,0,0,0,0,0,0,0,0,0,0,0,0,0,0,0,0,0,0,0,0,-96.0199,46.6985
168,PL2007154 (S2007208),POLK,MN,RED RIVER,,,,,,12-Sep-07,,,2007,,NA,NA,NA,,NA,Sep,NA,,0,0,0,0,0,0,0,0,1,0,0,0,0,0,0,0,0,0,0,0,0,0,0,0,0,0,0,0,0,0,0,0,0,0,0,0,0,0,0,0,0,0,0,0,0,-96.623918,47.771978
169,PL2007155,DOUGLAS,MN,UON LAKE,,,,,,12-Sep-07,,,2007,,UNKNOWN,UNKNOWN,UNKNOWN,,UNKNOWN,Sep,UNKNOWN,,0,0,0,0,0,0,0,0,0,0,0,1,0,0,0,0,0,0,0,0,0,0,0,0,0,0,0,0,0,0,0,0,0,0,0,0,0,0,0,0,0,0,0,0,0,-95.3423,45.8173   
170,PL2007173,NA,MN,RED RIVER,,,,,,26-Sep-07,,,2007,,,NATURAL,INFECTIOUS AGENTS,,Columnaris disease and Aermonas septicemia),Sep,INFECTIOUS AGENT,,0,0,0,0,0,0,0,0,1,0,0,0,0,0,0,0,0,0,0,0,0,0,0,0,0,0,0,0,0,0,0,0,0,0,0,0,0,0,0,0,0,0,0,0,0,NA,NA
171,PL2007281,HENNEPIN,MN,MISSISSIPI RIVER,,,,,,27-Nov-07,,,2007,,,NATURAL,INFECTIOUS AGENTS,,Parasite infestation and stress,Nov,INFECTIOUS AGENT,,0,0,0,0,0,0,0,0,0,0,0,0,0,0,0,0,0,0,0,0,0,0,0,0,0,0,0,0,0,0,0,0,0,0,0,0,0,0,1,0,0,0,0,0,0,-93.208859,44.965085
172,PL2008002(S2008002),HENNEPIN,MN,MISSISSIPI RIVER,,,,,,10-Jan-08,,,2008,,,ANTHROPOGENIC,TOXICITY,,ANTHROPOGENIC CONDITION,Jan,ANTHROPOGENIC CONDITION,,0,0,0,0,0,0,0,0,0,0,0,1,0,0,0,0,0,0,0,0,0,0,0,0,0,0,0,0,0,0,0,0,0,0,0,0,0,0,0,0,0,0,0,0,0,-93.208859,44.965085
173,S2008052,HENNEPIN,MN,MISSISSIPI RIVER,,,,,,12-Apr-08,,,2008,,,ANTHROPOGENIC,TOXICITY,,ANTHROPOGENIC CONDITION,Apr,ANTHROPOGENIC CONDITION,,0,0,0,0,0,0,0,0,0,0,0,1,0,0,0,0,0,0,0,0,0,0,0,0,0,0,0,0,0,0,0,0,0,0,0,0,0,0,0,0,0,0,0,0,0,-93.208859,44.965085
174,PL2008095,NOBLES,MN,OKABENA LAKE,,,,,,13-May-08,,,2008,,,NATURAL,ENVIRONMENTAL CONDITION,,Environmental gill disease with low level of secondary parasitic infection.,May,?,,0,0,0,0,0,0,0,0,0,0,0,1,0,0,0,0,0,0,0,0,0,0,0,0,0,0,0,0,0,0,0,0,0,0,0,0,0,0,0,0,0,0,0,0,0,-95.6174,43.613   
175,PL2008098,HUBBARD,MN,GRACE LAKE,,,,,,14-May-08,,,2008,,,NATURAL,INFECTIOUS AGENTS,,"Environmental gill disease; Systemic bacterial infection due to A. hydrophila, P. fluorescens and external and internal parasitic infections",May,INFECTIOUS AGENT,,0,0,0,0,0,0,0,0,0,0,0,0,0,0,0,0,0,0,0,0,1,0,0,0,0,0,0,0,0,0,0,0,0,0,0,0,0,0,1,0,0,0,0,0,0,-94.7454,47.4081 
176,PL2008123,MILLE LACS,MN,MILLE LACS LAKE,,,,,,30-May-08,,,2008,,UNKNOWN,UNKNOWN,UNKNOWN,,UNKNOWN,May,UNKNOWN,,0,0,0,0,0,0,0,0,0,0,0,0,0,0,0,0,0,0,0,0,0,0,0,0,0,0,0,0,0,0,0,0,0,0,0,0,0,0,0,0,0,0,0,0,1,-93.6437,46.2385 
177,S2008102,LAKE OF THE WOODS,MN,LAKE OF THE WOODS,,,,,,7-Jun-07,,,2007,,SUSPECTED,UNKNOWN,UNKNOWN,,Suspected disease,Jun,UNKNOWN,,0,0,0,0,0,0,0,0,0,0,0,0,0,0,0,0,0,0,0,0,0,0,0,1,0,0,0,0,0,0,0,0,0,0,0,0,0,0,0,0,0,0,0,0,0,-94.726431,48.555282
178,S2008101,RAMSEY,MN,BALD EAGLE LAKE,,,,,,10-Jun-08,,,2008,,,NATURAL,INFECTIOUS AGENTS,,COLUMNARIS,Jun,INFECTIOUS AGENT,,0,0,0,0,0,0,0,0,0,0,0,1,0,0,0,0,0,0,0,0,0,0,0,0,0,0,0,0,0,0,0,0,0,0,0,0,0,0,0,0,0,0,0,0,0,-93.0141,45.1182 
179,S2008106,SCOTT,MN,SPRING LAKE,,,,,,18-Jun-08,,,2008,,,NATURAL,INFECTIOUS AGENTS,,COLUMNARIS,Jun,INFECTIOUS AGENT,,0,0,0,0,0,0,0,0,0,0,0,0,0,0,0,0,0,0,0,0,0,0,0,0,0,0,0,0,0,0,0,0,0,0,0,0,0,0,1,0,0,0,0,0,0,-93.4722   ,44.7
180,S2008122,BROWN,MN,SLEEPY EYE LAKE ,,,,,,25-Jun-08,,,2008,,SUSPECTED,UNKNOWN,UNKNOWN,,COLUMNARIS,Jun,UNKNOWN,,0,0,0,0,0,1,0,0,0,0,0,0,0,0,0,0,0,0,0,0,1,0,0,0,0,0,0,0,0,0,0,0,0,0,0,0,0,0,1,0,0,0,0,0,0,-94.734247,44.308174
181,S2008115,ST.LOUIS,MN,ST.LOUIS RIVER,,,,,,26-Jun-08,,,2008,,SUSPECTED,UNKNOWN,UNKNOWN,,Bleeding disease?,Jun,UNKNOWN,,0,0,0,0,0,0,0,0,0,0,0,0,0,0,0,0,0,0,0,0,0,0,0,1,0,0,0,0,0,0,0,0,0,0,0,0,0,0,0,0,0,0,0,0,0,-92.102221,46.810531
182,PL2008144,OTTER TAIL,MN,PELICAN LAKE,,,,,,26-Jun-08,,,2008,,,NATURAL,INFECTIOUS AGENTS,,Bacterial and Parasitic infection,Jun,INFECTIOUS AGENT,,0,0,0,0,0,0,0,0,0,0,0,0,0,0,0,0,0,0,0,0,0,0,0,0,0,0,0,0,0,0,0,0,0,0,0,0,0,0,1,0,0,0,0,0,0,-96.0199,46.6985
183,PL2008151,FREEBORN,MN,SHELL ROCK RIVER,,,,,,9-Jul-08,,,2008,,NA,NA,NA,,NA,Jul,NA,,0,0,0,0,0,1,0,0,0,0,0,0,0,0,0,0,0,0,0,0,0,0,0,0,0,0,0,0,0,0,0,0,0,0,0,0,0,0,0,0,0,0,0,0,0,-93.016196,43.580325
184,PL2008152,NA,MN,BOISE DE SIOUX RIVER,,,,,,9-Jul-08,,,2008,,,NATURAL,INFECTIOUS AGENTS,,COLUMNARIS,Jul,INFECTIOUS AGENT,,0,0,0,0,0,0,1,0,0,0,0,0,0,0,0,0,0,0,0,0,0,0,0,0,0,0,0,0,0,0,0,0,0,0,0,0,0,0,0,0,0,0,0,0,0,NA,NA
185,PL2008161,OTTER TAIL,MN,PORTAGE LAKE,,,,,,20-Jul-08,,,2008,,NA,NA,NA,,NA,Jul,NA,,0,0,0,0,0,0,0,0,0,0,0,1,0,0,0,0,0,0,0,0,0,0,0,0,0,0,0,0,0,0,0,0,0,0,0,0,0,0,1,0,0,0,0,0,0,-95.5302,46.4178
186,PL2008162,BECKER,MN,STRAIGHT LAKE,,,,,,21-Jul-08,,,2008,,NA,NA,NA,,NA,Jul,NA,,0,0,0,0,0,0,0,0,0,0,0,0,0,0,0,0,0,0,0,0,0,0,0,0,0,0,0,0,0,0,0,0,0,0,0,0,0,0,1,0,0,0,0,0,0,-95.2675,46.943   
187,PL2008175,KANDIYOHI,MN,LAKE LILLIAN,,,,,,8-Aug-08,,,2008,,,NATURAL,INFECTIOUS AGENTS,,Environmental gill disease,Aug,INFECTIOUS AGENT,,0,0,0,0,0,0,1,0,0,0,0,0,0,0,0,0,0,0,0,0,0,0,0,0,0,0,0,0,0,0,0,0,0,0,0,0,0,0,0,0,0,0,0,0,0,-94.8752,44.9635   
188,S2008155,NOBLES,MN,NA,,,,,,10-Aug-08,,,2008,,UNKNOWN,UNKNOWN,UNKNOWN,,UNKNOWN,Aug,UNKNOWN,,0,0,0,0,0,0,0,0,0,0,0,0,0,0,0,0,0,0,0,0,0,0,0,1,0,0,0,0,0,0,0,0,0,0,0,0,0,0,0,0,0,0,0,0,1,NA,NA
189,PL2008186,CARVER,MN,MINNEWASHTA LAKE,,,,,,26-Aug-08,,,2008,,,NATURAL,INFECTIOUS AGENTS,,Opportustic bacterial infection,Aug,INFECTIOUS AGENT,,0,0,0,0,0,0,0,0,0,0,0,1,0,0,0,0,0,0,0,0,0,0,0,0,0,0,0,0,0,0,0,0,0,0,0,0,0,0,0,0,0,0,0,0,0,-93.6052,44.8786  
190,S2008188,FARIBAULT,MN,COON CREEK,,,,,,17-Sep-08,,,2008,,,ANTHROPOGENIC,TOXICITY,,ANTHROPOGENIC CONDITION,Sep,ANTHROPOGENIC CONDITION,,0,0,0,0,0,1,0,0,0,0,0,0,0,0,0,0,0,0,0,0,0,1,0,0,0,0,0,0,0,0,0,0,0,0,0,0,0,0,0,0,0,0,0,0,0,-94.065131,43.579731
191,PL2008218,ST.LOUIS,MN,ARMSTRONG LAKE,,,,,,1-Oct-08,,,2008,,,NATURAL,INFECTIOUS AGENTS,,Environmental gill disease,Oct,INFECTIOUS AGENT,,0,0,0,0,0,1,0,0,0,0,0,0,0,0,0,0,0,0,0,0,0,0,0,0,0,0,0,0,0,0,0,0,0,0,0,0,0,0,0,0,0,0,0,0,0,-92.0797,47.8494  
192,S2009009,WASHINGTON,MN,ST.CROIX RIVER,,,,,,18-Feb-09,,,2009,,,ANTHROPOGENIC,TOXICITY,,DIRECT TEMPERATURE STRESS,Feb,ANTHROPOGENIC CONDITION,,0,0,0,0,0,0,0,0,0,0,0,0,0,0,0,0,0,0,1,0,0,0,0,0,0,0,0,0,0,0,0,0,0,0,0,0,0,0,0,0,0,0,0,0,0,-92.809442,45.056364
193,S2009014,WRIGHT,MN,MISSISSIPI RIVER,,,,,,16-Mar-09,,,2009,,,Nuclear plant shutdown,Nuclear plant shutdown,,Nuclear plant shutdown,Mar,?,,0,0,0,0,0,0,0,0,0,0,0,0,0,0,0,0,0,0,0,0,0,1,0,0,0,0,0,0,0,0,0,0,0,0,0,0,0,0,0,0,0,0,0,0,0,-92.100125,46.755088
194,PL2009042,NA,MN,MISSISSIPI RIVER,,,,,,25-Mar-09,,,2009,,,NATURAL,ENVIRONMENTAL CONDITION,,Stress,Mar,?,,0,0,0,0,0,0,0,0,0,0,0,0,0,0,0,0,0,0,0,0,0,0,0,0,0,0,0,0,1,0,0,0,0,1,0,0,0,0,0,0,0,0,0,0,0,NA,NA
195,PL2009043,CROW WING,MN,MISSISSIPI RIVER,,,,,,25-Mar-09,,,2009,,NA,NA,NA,,NA,Mar,NA,,0,0,0,0,0,0,0,0,0,0,0,0,0,0,0,0,0,0,0,0,0,0,0,0,0,0,0,0,0,0,0,0,0,1,0,0,0,0,0,0,0,0,0,0,0,NA,NA
196,S2009056,RAMSEY,MN,NA,,,,,,2-Apr-09,,,2009,,,ANTHROPOGENIC,TOXICITY,,ANTHROPOGENIC CONDITION,Apr,ANTHROPOGENIC CONDITION,,0,0,0,0,0,0,1,0,0,0,0,0,0,0,0,0,0,0,0,0,0,0,0,0,0,0,0,0,0,0,0,0,0,0,0,0,0,0,0,0,0,0,0,0,0,NA,NA
197,PL2009101 (S2009069),WINONA,MN,WHITEWATER RIVER,,,,,,20-Apr-09,,,2009,,,NATURAL,ENVIRONMENTAL CONDITION,,Stress,Apr,?,,0,0,0,0,1,0,0,0,0,0,0,0,0,0,0,0,0,0,0,0,0,1,0,0,0,0,0,0,0,0,0,0,0,0,0,0,0,0,0,0,0,0,1,0,0,-91.954836,44.200455
198,S2009085,PIPESTONE,MN,SPLIT ROCK CREEK,,,,,,4-May-09,,,2009,,,ANTHROPOGENIC,TOXICITY,,ANTHROPOGENIC CONDITION,May,ANTHROPOGENIC CONDITION,,0,0,0,0,0,1,0,0,0,0,0,0,0,0,0,0,0,0,0,0,0,1,0,0,0,0,0,0,0,0,0,0,0,0,0,0,0,0,0,0,0,0,0,0,0,-96.364021,43.898868
199,S2009082,WINONA,MN,BEAVER CREEK,,,,,,5-May-09,,,2009,,,ANTHROPOGENIC,TOXICITY,,ANTHROPOGENIC CONDITION,May,ANTHROPOGENIC CONDITION,,0,0,0,0,0,0,0,0,0,0,0,0,0,0,0,0,0,0,0,0,0,0,0,0,0,0,0,0,0,0,0,0,0,0,0,0,0,0,0,0,1,0,0,0,0,-91.581609,43.648493
200,S2009116,STEELE,MN,BEAVER LAKE,,,,,,6-Jun-09,,,2009,,UNKNOWN,UNKNOWN,UNKNOWN,,UNKNOWN,Jun,UNKNOWN,,0,0,0,0,0,0,0,0,0,0,0,0,0,0,0,0,0,0,0,0,0,0,0,0,0,0,0,0,0,0,0,0,0,0,0,0,0,0,1,0,0,0,0,0,0,-93.3498   ,43.8917 
201,S2009147,RICE,MN,ROBERDS LAKE,,,,,,16-Jul-09,,,2009,,,NATURAL,ENVIRONMENTAL CONDITION,,Algal bloom,Jul,?,,UNKNOWN,UNKNOWN,UNKNOWN,UNKNOWN,UNKNOWN,UNKNOWN,UNKNOWN,UNKNOWN,UNKNOWN,UNKNOWN,UNKNOWN,UNKNOWN,UNKNOWN,UNKNOWN,UNKNOWN,UNKNOWN,UNKNOWN,UNKNOWN,UNKNOWN,UNKNOWN,UNKNOWN,UNKNOWN,UNKNOWN,UNKNOWN,UNKNOWN,UNKNOWN,UNKNOWN,UNKNOWN,UNKNOWN,UNKNOWN,UNKNOWN,UNKNOWN,UNKNOWN,UNKNOWN,UNKNOWN,UNKNOWN,UNKNOWN,UNKNOWN,UNKNOWN,UNKNOWN,UNKNOWN,UNKNOWN,UNKNOWN,UNKNOWN,UNKNOWN,-93.3447 ,44.3289
202,PL2009265,HUBBARD,MN,HOOK LAKE,,,,,,7-Aug-09,,,2009,,,NATURAL,INFECTIOUS AGENTS,,Environmental gill disease.  ,Aug,INFECTIOUS AGENT,,0,0,0,0,0,0,0,0,0,0,0,1,0,0,0,0,0,0,0,0,0,0,0,0,0,0,0,0,0,0,0,0,0,0,0,0,0,0,0,0,0,0,0,0,0,-95.052648,46.919597
203,S2009170,ST.LOUIS,MN,TWIN POND,,,,,,12-Aug-08,,,2008,,,NATURAL,ENVIRONMENTAL CONDITION,,DISSOLVED OXYGEN,Aug,?,,0,0,0,0,0,0,0,0,0,0,0,0,0,0,0,0,0,0,0,0,0,1,0,0,0,0,0,0,0,0,0,0,0,0,0,0,0,0,0,0,1,0,0,0,0,NA,NA
204,PL2009334,SCOTT,MN,CEDAR LAKE,,,,,,16-Sep-09,,,2009,,,NATURAL,ENVIRONMENTAL CONDITION,,Stress,Sep,?,,0,0,0,0,0,0,0,0,0,0,1,0,0,0,0,0,0,0,0,0,0,0,0,0,0,0,0,0,0,0,0,0,0,0,0,0,0,0,0,0,0,0,0,0,0,-93.5214,44.5889 
205,S2009193,NA,MN,NA,,,,,,18-Sep-09,,,2009,,,NATURAL,ENVIRONMENTAL CONDITION,,DISSOLVED OXYGEN,Sep,?,,0,0,0,0,0,0,1,0,0,0,0,0,0,0,0,0,0,0,0,0,0,0,0,1,0,0,0,0,0,0,0,0,0,0,0,0,0,0,1,0,0,0,0,0,0,NA,NA
206,S2010053,GOODHUE,MN,MISSISSIPI RIVER,,,,,,14-Apr-10,,,2010,,,NATURAL,ENVIRONMENTAL CONDITION,,DIRECT TEMPERATURE STRESS,Apr,?,,0,0,0,0,0,0,1,0,0,0,0,0,0,0,0,0,0,0,0,0,0,1,0,0,0,0,0,0,0,0,0,0,0,0,0,0,0,0,1,0,0,0,0,0,0,-92.691341,44.649325
207,PL2010161,ST.LOUIS,MN,LAKE SUPERIOR,,,,,,4-May-10,,,2010,,NA,NA,NA,,NA,May,NA,,0,0,0,0,0,0,0,0,0,0,0,0,0,0,0,0,0,0,0,0,0,0,0,0,0,0,0,1,0,0,0,0,0,0,0,0,0,0,0,0,0,0,0,0,0,-92.094744,46.784269
208,S2010089,SCOTT,MN,SPRING LAKE,,,,,,26-May-10,,,2010,,SUSPECTED,UNKNOWN,UNKNOWN,,COLUMNARIS,May,UNKNOWN,,0,0,0,0,0,0,0,0,0,0,0,1,0,0,0,0,0,0,0,0,0,0,0,0,0,0,0,0,0,0,0,0,0,0,0,0,0,0,1,0,0,0,0,0,0,-93.4722   ,44.7
209,S2010094,HENNEPIN,MN,LAKE MINNETONKA,,,,,,29-May-10,,,2010,,SUSPECTED,UNKNOWN,UNKNOWN,,COLUMNARIS,May,UNKNOWN,,0,0,0,0,0,0,0,0,0,0,0,1,0,0,0,0,0,0,0,0,0,0,0,0,0,0,0,0,0,0,0,0,0,0,0,0,0,0,1,0,0,0,0,0,0,-93.633964,44.909098
210,PL2010191,HUBBARD,MN,MIDGE LAKE,,,,,,8-Jun-10,,,2010,,,NATURAL,INFECTIOUS AGENTS,,COLUMNARIS,Jun,INFECTIOUS AGENT,,0,0,0,0,0,0,0,0,0,0,0,0,0,0,0,0,0,0,0,0,0,0,0,0,0,0,0,0,0,0,0,0,0,0,0,0,0,0,0,0,0,0,0,0,1,-94.7177,47.3871
211,S2009114,WASHINGTON,MN,BALD EAGLE LAKE,,,,,,17-Jun-09,,,2009,,UNKNOWN,UNKNOWN,UNKNOWN,,UNKNOWN,Jun,UNKNOWN,,0,0,0,0,0,0,0,0,0,0,0,0,0,0,0,0,0,0,0,0,0,0,0,0,0,0,0,0,0,0,0,0,0,0,0,0,0,0,1,0,0,0,0,0,0,-93.016765,45.120932
212,PL2010228,MEEKER,MN,PETERSON LAKE,,,,,,30-Jun-10,,,2010,,,NATURAL,INFECTIOUS AGENTS,,COLUMNARIS,Jun,INFECTIOUS AGENT,,0,0,0,0,0,0,1,0,0,0,0,0,0,0,0,0,0,0,0,0,0,0,0,0,0,0,0,0,0,0,0,0,0,0,0,0,0,0,0,0,0,0,0,0,0,-94.7256,45.1749 
213,PL2010229,LAC QUI PARLE,MN,LAC QUI PARLE,,,,,,30-Jun-10,,,2010,,SUSPECTED,NA,NA,,NA,Jun,NA,,0,0,0,0,0,0,1,0,0,0,0,0,0,0,0,0,0,0,0,0,0,0,0,0,0,0,0,0,0,0,0,0,0,0,0,0,0,0,0,0,0,0,0,0,0,-95.9751,45.0916  
214,PL2010254,LINCOLN,MN,HENDRICKS LAKE,,,,,,15-Jul-10,,,2010,,,NATURAL,INFECTIOUS AGENTS,,Carp erythrodermatitis,Jul,INFECTIOUS AGENT,,0,0,0,0,0,0,1,0,0,0,0,0,0,0,0,0,0,0,0,0,0,0,0,0,0,0,0,0,0,0,0,0,0,0,0,0,0,0,0,0,0,0,0,0,0,-96.4428,44.4914  
215,PL2010262,OLMSTEAD,MN,ZUMBRO LAKE,,,,,,29-Jul-10,,,2010,,,NATURAL,INFECTIOUS AGENTS,,COLUMNARIS,Jul,INFECTIOUS AGENT,,0,0,0,0,0,0,0,0,1,0,0,0,0,0,0,0,0,0,0,0,0,0,0,0,0,0,0,0,0,0,0,0,0,0,0,0,0,0,0,0,0,0,0,0,0,-92.4617,44.1787  
216,S2010212,RICE,MN,ROBERDS LAKE,,,,,,15-Aug-10,,,2010,,,NATURAL,ENVIRONMENTAL CONDITION,,Summerkill,Aug,?,,0,0,0,0,0,0,0,0,0,0,0,0,0,0,0,0,0,0,0,0,0,0,0,0,0,0,0,0,0,0,0,0,0,0,0,0,0,0,1,0,0,0,0,0,0,-93.3447 ,44.3289
217,S2011005,WASHINGTON,MN,ST.CROIX RIVER,,,,,,11-Jan-11,,,2011,,,ANTHROPOGENIC,TOXICITY,,DIRECT TEMPERATURE STRESS,Jan,ANTHROPOGENIC CONDITION,,1,0,0,0,0,0,0,0,0,0,0,0,0,0,0,0,1,0,1,0,0,0,0,0,0,0,0,0,0,0,0,0,0,0,0,0,0,0,0,0,0,0,0,0,0,-92.809442,45.056364
218,PL2011018,OTTER TAIL,MN,HIGH ISLAND LAKE,,,,,,6-Feb-11,,,2011,,UNKNOWN,UNKNOWN,UNKNOWN,,UNKNOWN,Feb,UNKNOWN,,0,0,0,0,0,0,1,0,0,0,0,0,0,0,0,0,0,0,0,0,0,1,0,0,0,0,0,0,0,0,0,0,0,0,0,0,0,0,0,0,0,0,0,0,0,-95.9345,46.4362 
219,S2011021,WASHINGTON,MN,ST.CROIX RIVER,,,,,,18-Feb-11,,,2011,,,ANTHROPOGENIC,TOXICITY,,DIRECT TEMPERATURE STRESS,Feb,ANTHROPOGENIC CONDITION,,1,0,0,0,0,0,0,0,0,0,0,0,0,0,0,0,0,1,1,0,0,0,0,0,0,0,0,0,0,0,0,0,0,0,0,0,0,0,1,0,0,0,0,0,0,-92.809442,45.056364
220,S2011033,WRIGHT,MN,MISSISSIPI RIVER,,,,,,5-Mar-11,,,2011,,,NATURAL,ENVIRONMENTAL CONDITION,,DIRECT TEMPERATURE STRESS,Mar,?,,UNKNOWN,UNKNOWN,UNKNOWN,UNKNOWN,UNKNOWN,UNKNOWN,UNKNOWN,UNKNOWN,UNKNOWN,UNKNOWN,UNKNOWN,UNKNOWN,UNKNOWN,UNKNOWN,UNKNOWN,UNKNOWN,UNKNOWN,UNKNOWN,UNKNOWN,UNKNOWN,UNKNOWN,UNKNOWN,UNKNOWN,UNKNOWN,UNKNOWN,UNKNOWN,UNKNOWN,UNKNOWN,UNKNOWN,UNKNOWN,UNKNOWN,UNKNOWN,UNKNOWN,UNKNOWN,UNKNOWN,UNKNOWN,UNKNOWN,UNKNOWN,UNKNOWN,UNKNOWN,UNKNOWN,UNKNOWN,UNKNOWN,UNKNOWN,UNKNOWN,-92.100125,46.755088
221,S2011047,DOUGLAS,MN,LAKE AGNES,,,,,,18-Mar-11,,,2011,,UNKNOWN,UNKNOWN,UNKNOWN,,UNKNOWN,Mar,UNKNOWN,,UNKNOWN,UNKNOWN,UNKNOWN,UNKNOWN,UNKNOWN,UNKNOWN,UNKNOWN,UNKNOWN,UNKNOWN,UNKNOWN,UNKNOWN,UNKNOWN,UNKNOWN,UNKNOWN,UNKNOWN,UNKNOWN,UNKNOWN,UNKNOWN,UNKNOWN,UNKNOWN,UNKNOWN,UNKNOWN,UNKNOWN,UNKNOWN,UNKNOWN,UNKNOWN,UNKNOWN,UNKNOWN,UNKNOWN,UNKNOWN,UNKNOWN,UNKNOWN,UNKNOWN,UNKNOWN,UNKNOWN,UNKNOWN,UNKNOWN,UNKNOWN,UNKNOWN,UNKNOWN,UNKNOWN,UNKNOWN,UNKNOWN,UNKNOWN,UNKNOWN,-92.054067,48.220191
222,S2011053,WASHINGTON,MN,ST.CROIX RIVER,,,,,,18-Mar-11,,,2011,,,ANTHROPOGENIC,TOXICITY,,DIRECT TEMPERATURE STRESS,Mar,ANTHROPOGENIC CONDITION,,0,0,0,0,0,0,0,0,0,0,0,0,0,0,0,0,0,0,1,0,1,0,0,0,0,0,0,0,0,0,0,0,0,0,0,0,0,0,1,0,0,0,0,0,0,-92.809442,45.056364
223,S2011074,RICE,MN,HUNT LAKE,,,,,,6-Apr-11,,,2011,,,NATURAL,ENVIRONMENTAL CONDITION,,Winterkill,Apr,WINTERKILL,,UNKNOWN,UNKNOWN,UNKNOWN,UNKNOWN,UNKNOWN,UNKNOWN,UNKNOWN,UNKNOWN,UNKNOWN,UNKNOWN,UNKNOWN,UNKNOWN,UNKNOWN,UNKNOWN,UNKNOWN,UNKNOWN,UNKNOWN,UNKNOWN,UNKNOWN,UNKNOWN,UNKNOWN,UNKNOWN,UNKNOWN,UNKNOWN,UNKNOWN,UNKNOWN,UNKNOWN,UNKNOWN,UNKNOWN,UNKNOWN,UNKNOWN,UNKNOWN,UNKNOWN,UNKNOWN,UNKNOWN,UNKNOWN,UNKNOWN,UNKNOWN,UNKNOWN,UNKNOWN,UNKNOWN,UNKNOWN,UNKNOWN,UNKNOWN,UNKNOWN,-93.4461  ,44.3323 
224,S2011077,HENNEPIN,MN,TWIN LAKE,,,,,,13-Apr-11,,,2011,,,NATURAL,ENVIRONMENTAL CONDITION,,Winterkill,Apr,WINTERKILL,,0,0,0,0,0,0,1,0,0,0,0,0,0,0,0,0,0,0,0,0,0,0,0,0,0,0,0,0,0,0,0,0,0,0,0,0,0,0,0,0,0,0,0,0,0,NA,NA
225,S2011088,HENNEPIN,MN,LORING POND,,,,,,18-Apr-11,,,2011,,,NATURAL,ENVIRONMENTAL CONDITION,,Winterkill,Apr,WINTERKILL,,0,0,0,0,0,1,1,0,1,0,0,0,0,0,0,0,0,0,0,0,0,0,0,0,0,0,0,0,0,0,0,0,0,0,0,0,0,0,0,0,0,0,0,0,0,-93.284402,44.969155
226,S2011089,HENNEPIN,MN,POWDERHORN LAKE,,,,,,18-Apr-11,,,2011,,,NATURAL,ENVIRONMENTAL CONDITION,,Winterkill,Apr,WINTERKILL,,0,0,0,0,0,1,1,0,1,0,0,0,0,0,0,0,0,0,0,0,0,0,0,0,0,0,0,0,0,0,0,0,0,0,0,0,0,0,0,0,0,0,0,0,0,-93.257284,44.94183
227,S2011090,HENNEPIN,MN,LAKE OF THE ISLES,,,,,,18-Apr-11,,,2011,,,NATURAL,ENVIRONMENTAL CONDITION,,Winterkill,Apr,WINTERKILL,,1,0,0,0,0,0,1,0,0,0,0,0,0,0,0,0,0,0,0,0,0,0,1,0,0,0,0,0,0,0,0,0,0,0,0,0,0,0,1,0,0,0,0,0,0,-93.309504,44.955989
228,S2011091,HENNEPIN,MN,LAKE HARRIET,,,,,,18-Apr-11,,,2011,,,NATURAL,ENVIRONMENTAL CONDITION,,Winterkill,Apr,WINTERKILL,,0,0,0,0,0,0,1,0,0,0,0,0,0,0,0,0,0,0,0,0,0,0,0,0,0,0,0,0,0,0,0,0,0,0,0,0,0,0,1,0,0,0,0,0,0,-93.3054,44.922  
229,PL2011172,RAMSEY,MN,WHITE BEAR LAKE,,,,,,9-Jun-11,,,2011,,,NATURAL,INFECTIOUS AGENTS,,COLUMNARIS,Jun,INFECTIOUS AGENT,,0,0,0,0,0,0,0,0,0,0,0,0,0,0,0,0,0,0,0,0,0,0,0,0,0,0,0,0,0,0,0,0,0,0,0,0,0,0,1,0,0,0,0,0,0,-92.9886,45.0765  
230,PL2011173,RAMSEY,MN,BALD EAGLE LAKE,,,,,,9-Jun-11,,,2011,,UNKNOWN,UNKNOWN,UNKNOWN,,UNKNOWN,Jun,UNKNOWN,,0,0,0,0,0,0,0,0,0,0,0,0,0,0,0,0,0,0,0,0,0,0,0,0,0,0,0,0,0,0,0,0,0,0,0,0,0,0,1,0,0,0,0,0,1,-93.0141,45.1182 
231,PL2011174,FREEBORN,MN,SHELL ROCK RIVER,,,,,,10-Jun-11,,,2011,,,NATURAL,INFECTIOUS AGENTS,,COLUMNARIS,Jun,INFECTIOUS AGENT,,0,0,0,0,0,0,1,0,0,0,0,0,0,0,0,0,0,0,0,0,0,0,0,0,0,0,0,0,0,0,0,0,0,0,0,0,0,0,0,0,0,0,0,0,0,-93.016196,43.580325
232,PL2011182,NA,MN,MINNEHAHA CREEK,,,,,,16-Jun-11,,,2011,,,NATURAL,INFECTIOUS AGENTS,,SVC,Jun,INFECTIOUS AGENT,,0,0,0,0,0,0,1,0,0,0,0,0,0,0,0,0,0,0,0,0,0,0,0,0,0,0,0,0,0,0,0,0,0,0,0,0,0,0,0,0,0,0,0,0,0,NA,NA
233,PL2011202,ITASCA,MN,SAND LAKE,,,,,,28-Jun-11,,,2011,,,NATURAL,ENVIRONMENTAL CONDITION,,regressed Lymphosarcoma from last year. ,Jun,?,,0,0,0,0,0,0,0,0,0,0,0,0,0,0,0,0,0,0,0,0,0,0,0,1,0,0,0,0,0,0,0,0,0,0,0,0,0,0,0,0,0,0,0,0,0,-94.001907,47.611337
234,S2011131,WRIGHT,MN,COLLINWOOD LAKE,,,,,,29-Jun-11,,,2011,,UNKNOWN,UNKNOWN,UNKNOWN,,UNKNOWN,Jun,UNKNOWN,,0,0,0,0,0,0,1,0,0,0,0,0,0,0,0,0,0,0,0,0,0,0,0,0,0,0,0,0,0,0,0,0,0,0,0,0,0,0,0,0,0,0,0,0,0,-94.255601,45.055904
235,S2011146,SCOTT,MN,DAN PATCH LAKE,,,,,,25-Jul-11,,,2011,,,NATURAL,ENVIRONMENTAL CONDITION,,Winterkill,Jul,WINTERKILL,,UNKNOWN,UNKNOWN,UNKNOWN,UNKNOWN,UNKNOWN,UNKNOWN,UNKNOWN,UNKNOWN,UNKNOWN,UNKNOWN,UNKNOWN,UNKNOWN,UNKNOWN,UNKNOWN,UNKNOWN,UNKNOWN,UNKNOWN,UNKNOWN,UNKNOWN,UNKNOWN,UNKNOWN,UNKNOWN,UNKNOWN,UNKNOWN,UNKNOWN,UNKNOWN,UNKNOWN,UNKNOWN,UNKNOWN,UNKNOWN,UNKNOWN,UNKNOWN,UNKNOWN,UNKNOWN,UNKNOWN,UNKNOWN,UNKNOWN,UNKNOWN,UNKNOWN,UNKNOWN,UNKNOWN,UNKNOWN,UNKNOWN,UNKNOWN,UNKNOWN,-93.433126,44.705138
236,S2011168,MARSHALL,MN,NA,,,,,,8-Aug-11,,,2011,,,NATURAL,ENVIRONMENTAL CONDITION,,,Aug,?,,0,0,0,0,0,0,0,0,0,0,0,0,0,0,0,0,0,0,0,0,0,1,0,0,0,0,0,0,0,0,0,0,0,0,0,0,0,0,0,0,0,0,0,0,0,NA,NA
237,S2011172,RICE,MN,LAKE MAZASKA,,,,,,12-Aug-11,,,2011,,UNKNOWN,UNKNOWN,UNKNOWN,,UNKNOWN,Aug,UNKNOWN,,0,0,0,0,0,0,0,0,0,0,0,0,0,0,0,0,1,0,0,0,0,0,0,0,0,0,0,0,0,0,0,0,0,0,0,0,0,0,0,0,0,0,0,0,0,-93.3967,44.376465
238,S2011181,MEEKER,MN,LITTLE SWAN,,,,,,27-Aug-11,,,2011,,,NATURAL,ENVIRONMENTAL CONDITION,,Summerkill,Aug,?,,0,0,0,0,0,0,0,0,0,0,0,1,0,0,0,0,0,0,0,0,0,0,0,0,0,0,0,0,0,0,0,0,0,0,0,0,0,0,0,0,0,0,0,0,0,-94.292469,45.132044
239,S2011187,CARVER,MN,LOTUS LAKE,,,,,,2-Sep-11,,,2011,,,NATURAL,ENVIRONMENTAL CONDITION,,Summerkill,Sep,?,,0,0,0,0,0,0,0,0,0,0,0,0,0,0,0,0,0,0,0,0,0,0,0,0,0,0,0,0,0,0,0,0,0,0,0,0,0,0,1,0,0,0,0,0,0,-94.171738,46.699692
240,S2011188,CROW WING,MN,LOWER WHITE FISH LAKE,,,,,,3-Sep-11,,,2011,,,NATURAL,ENVIRONMENTAL CONDITION,,Summerkill,Sep,?,,0,0,0,0,0,0,0,0,0,0,0,0,0,0,0,0,0,0,0,0,0,0,0,0,0,0,0,0,0,0,0,0,0,0,0,0,0,0,0,0,0,0,0,1,0,-94.171738,46.699692
241,S2011213,BLUE EARTH,MN,MAPLE RIVER,,,,,,12-Oct-11,,,2011,,,NATURAL,ENVIRONMENTAL CONDITION,,DIRECT TEMPERATURE STRESS,Oct,?,,0,0,0,0,0,1,1,0,1,0,0,0,0,0,0,0,0,0,0,0,0,0,0,0,0,0,0,0,0,0,0,0,0,0,0,0,0,0,0,0,0,0,0,0,0,-93.968842,43.881445
242,S2012029,ST.LOUIS,MN,PELICAN RIVER,,,,,,30-Nov-11,,,2011,,,NATURAL,ENVIRONMENTAL CONDITION,,Winterkill,Nov,WINTERKILL,,1,0,0,0,0,1,0,0,0,0,0,1,0,0,0,0,0,0,0,0,0,1,0,1,0,0,0,0,0,0,0,0,0,0,0,0,0,0,1,0,0,0,0,0,1,-95.824715,46.819225
243,S2012041,MARSHALL,MN,MIDDLE RIVER,,,,,,4-Apr-12,,,2012,,,NATURAL,ENVIRONMENTAL CONDITION,,Winterkill,Apr,WINTERKILL,,UNKNOWN,UNKNOWN,UNKNOWN,UNKNOWN,UNKNOWN,UNKNOWN,UNKNOWN,UNKNOWN,UNKNOWN,UNKNOWN,UNKNOWN,UNKNOWN,UNKNOWN,UNKNOWN,UNKNOWN,UNKNOWN,UNKNOWN,UNKNOWN,UNKNOWN,UNKNOWN,UNKNOWN,UNKNOWN,UNKNOWN,UNKNOWN,UNKNOWN,UNKNOWN,UNKNOWN,UNKNOWN,UNKNOWN,UNKNOWN,UNKNOWN,UNKNOWN,UNKNOWN,UNKNOWN,UNKNOWN,UNKNOWN,UNKNOWN,UNKNOWN,UNKNOWN,UNKNOWN,UNKNOWN,UNKNOWN,UNKNOWN,UNKNOWN,UNKNOWN,-96.164683,48.4356
244,S2012084,HENNEPIN,MN,LAKE MINNETONKA,,,,,,18-May-12,,,2012,,,NATURAL,INFECTIOUS AGENTS,,COLUMNARIS,May,INFECTIOUS AGENT,,0,0,0,0,0,0,0,0,0,0,0,1,0,0,0,0,0,0,0,0,0,0,0,0,0,0,0,0,0,0,0,0,0,0,0,0,0,0,1,0,0,0,0,0,0,-93.633964,44.909098
245,S2012102,HENNEPIN,MN,BRYANT LAKE,,,,,,3-Jun-12,,,2012,,,NATURAL,INFECTIOUS AGENTS,,COLUMNARIS,Jun,INFECTIOUS AGENT,,0,0,0,0,0,0,0,0,0,0,0,0,0,0,0,0,0,0,0,0,0,0,0,0,0,0,0,0,0,0,0,0,0,0,0,0,0,0,1,0,0,0,0,0,0,-93.428615,44.878296
246,S2012129,POLK,MN,POPLAR RIVER,,,,,,16-Jun-12,,,2012,,UNKNOWN,UNKNOWN,UNKNOWN,,UNKNOWN,Jun,UNKNOWN,,0,0,0,0,0,0,0,0,0,0,0,0,0,0,0,0,0,0,0,0,0,1,0,0,0,0,0,0,0,0,0,0,0,0,0,0,0,0,1,0,0,0,0,0,0,-93.933024,45.317585
247,S2011165,STEARNS,MN,LAKE MARIA,,,,,,8-Aug-12,,,2012,,UNKNOWN,UNKNOWN,UNKNOWN,,UNKNOWN,Aug,UNKNOWN,,0,0,0,0,0,0,0,0,0,0,0,0,0,0,0,0,0,0,0,0,0,0,0,1,0,0,0,0,0,0,0,0,0,0,0,0,0,0,0,0,0,0,0,0,0,-93.933024,45.317585
248,PL2011203,NA,MN,ST.CROIX RIVER,,,,,,30-Jun-12,,,2012,,NA,NA,NA,,NA,Jun,NA,,0,0,0,0,0,0,1,0,0,0,0,0,0,0,0,0,0,0,0,0,0,0,0,0,0,0,0,0,0,0,0,0,0,0,0,0,0,0,1,0,0,0,1,0,0,NA,NA
249,S2012217,AITKIN,MN,BIG SANDY LAKE,,,,,,1-Jul-12,,,2012,,,NATURAL,ENVIRONMENTAL CONDITION,,DISSOLVED OXYGEN,Jul,?,,0,0,0,0,0,0,0,0,0,0,0,1,0,0,0,0,0,0,0,0,0,0,0,0,0,0,0,0,0,0,0,0,0,0,0,0,0,0,0,0,0,1,0,0,1,-93.274307,46.770738
250,S2012221,DAKOTA,MN,BLACK DOG LAKE,,,,,,3-Jul-12,,,2012,,,NATURAL,TOXICITY,,ANTHROPOGENIC CONDITION,Jul,ANTHROPOGENIC CONDITION,,UNKNOWN,UNKNOWN,UNKNOWN,UNKNOWN,UNKNOWN,UNKNOWN,UNKNOWN,UNKNOWN,UNKNOWN,UNKNOWN,UNKNOWN,UNKNOWN,UNKNOWN,UNKNOWN,UNKNOWN,UNKNOWN,UNKNOWN,UNKNOWN,UNKNOWN,UNKNOWN,UNKNOWN,UNKNOWN,UNKNOWN,UNKNOWN,UNKNOWN,UNKNOWN,UNKNOWN,UNKNOWN,UNKNOWN,UNKNOWN,UNKNOWN,UNKNOWN,UNKNOWN,UNKNOWN,UNKNOWN,UNKNOWN,UNKNOWN,UNKNOWN,UNKNOWN,UNKNOWN,UNKNOWN,UNKNOWN,UNKNOWN,UNKNOWN,UNKNOWN,-93.259058,44.808596
251,PL2012215,NA,MN,NA,,,,,,6-Jul-12,,,2012,,UNKNOWN,UNKNOWN,UNKNOWN,,UNKNOWN,Jul,UNKNOWN,,0,0,0,0,0,1,0,0,0,0,0,0,0,0,0,0,0,0,0,0,0,0,0,0,0,0,0,0,0,0,0,0,0,0,0,0,0,0,1,0,0,0,0,0,0,NA,NA
252,S2012228,CROW WING,MN,MISSISSIPI RIVER,,,,,,7-Jul-12,,,2012,,,NATURAL,ENVIRONMENTAL CONDITION,,DISSOLVED OXYGEN,Jul,?,,UNKNOWN,UNKNOWN,UNKNOWN,UNKNOWN,UNKNOWN,UNKNOWN,UNKNOWN,UNKNOWN,UNKNOWN,UNKNOWN,UNKNOWN,UNKNOWN,UNKNOWN,UNKNOWN,UNKNOWN,UNKNOWN,UNKNOWN,UNKNOWN,UNKNOWN,UNKNOWN,UNKNOWN,UNKNOWN,UNKNOWN,UNKNOWN,UNKNOWN,UNKNOWN,UNKNOWN,UNKNOWN,UNKNOWN,UNKNOWN,UNKNOWN,UNKNOWN,UNKNOWN,UNKNOWN,UNKNOWN,UNKNOWN,UNKNOWN,UNKNOWN,UNKNOWN,UNKNOWN,UNKNOWN,UNKNOWN,UNKNOWN,UNKNOWN,UNKNOWN,NA,NA
253,S2012230,DAKOTA,MN,NA,,,,,,9-Jul-12,,,2012,,,NATURAL,ENVIRONMENTAL CONDITION,,DIRECT TEMPERATURE STRESS,Jul,?,,0,0,0,0,0,0,0,0,0,0,0,0,0,0,0,0,0,0,0,0,0,0,0,1,0,0,0,0,0,0,0,0,0,0,0,0,0,0,0,0,0,0,0,0,0,NA,NA
254,S2012251,YELLOW MEDICINE,MN,MINNESOTA RIVER,,,,,,2-Aug-12,,,2012,,,NATURAL,ENVIRONMENTAL CONDITION,,DISSOLVED OXYGEN,Aug,?,,0,0,0,0,0,0,0,0,1,0,0,0,0,0,0,0,1,0,0,0,0,0,0,0,0,0,0,0,0,0,0,0,0,0,0,0,0,0,0,0,0,0,0,0,0,-95.510253,44.80212
255,PL2011222,ITASCA,MN,POKEGAMA LAKE,,,,,,10-Aug-12,,,2012,,UNKNOWN,UNKNOWN,UNKNOWN,,UNKNOWN,Aug,UNKNOWN,,0,0,0,0,0,0,0,0,0,0,0,0,0,0,0,0,0,0,0,0,0,0,0,0,0,0,0,1,0,0,0,0,0,0,0,0,0,0,0,0,0,0,0,0,0,-93.5778,47.1865  
256,PL2011248,OTTER TAIL,MN,LONG LAKE,,,,,,30-Aug-12,,,2012,,,NATURAL,INFECTIOUS AGENTS,,Bacterial septicemia,Aug,INFECTIOUS AGENT,,0,0,0,0,0,0,0,0,0,0,0,1,0,0,0,0,0,0,0,0,0,0,0,0,0,0,0,0,0,0,0,0,0,0,0,0,0,0,0,0,0,0,0,0,0,-122.775908,47.022876
257,S2012288,OLMSTEAD,MN,CASCADE LAKE,,,,,,30-Sep-12,,,2012,,,NATURAL,ENVIRONMENTAL CONDITION,,DIRECT TEMPERATURE STRESS,Sep,?,,UNKNOWN,UNKNOWN,UNKNOWN,UNKNOWN,UNKNOWN,UNKNOWN,UNKNOWN,UNKNOWN,UNKNOWN,UNKNOWN,UNKNOWN,UNKNOWN,UNKNOWN,UNKNOWN,UNKNOWN,UNKNOWN,UNKNOWN,UNKNOWN,UNKNOWN,UNKNOWN,UNKNOWN,UNKNOWN,UNKNOWN,UNKNOWN,UNKNOWN,UNKNOWN,UNKNOWN,UNKNOWN,UNKNOWN,UNKNOWN,UNKNOWN,UNKNOWN,UNKNOWN,UNKNOWN,UNKNOWN,UNKNOWN,UNKNOWN,UNKNOWN,UNKNOWN,UNKNOWN,UNKNOWN,UNKNOWN,UNKNOWN,UNKNOWN,UNKNOWN,-92.505248,44.028183
258,PL2012456 (S2012289),OLMSTEAD,MN,ZUMBRO RIVER,,,,,,4-Oct-12,,,2012,,NA,NA,NA,,NA,Oct,NA,,0,0,0,0,0,0,0,0,0,0,0,0,0,0,0,0,0,0,0,0,0,1,0,0,0,0,0,0,0,0,0,0,0,0,0,0,0,0,0,0,0,0,1,0,0,-92.4617,44.1787  
259,PL2012457,CHIPPEWA,MN,MANOR WOOD LAKE,,,,,,4-Oct-12,,,2012,,UNKNOWN,UNKNOWN,UNKNOWN,,UNKNOWN,Oct,UNKNOWN,,0,0,0,0,0,0,0,0,0,0,0,0,0,0,0,0,0,0,0,0,0,0,0,0,0,0,0,0,0,0,0,0,0,0,0,0,0,0,0,0,0,0,1,0,0,NA,NA
260,S2012331,WASHINGTON,MN,ST.CROIX RIVER,,,,,,1-Nov-12,,,2012,,,ANTHROPOGENIC,TOXICITY,,DIRECT TEMPERATURE STRESS,Nov,ANTHROPOGENIC CONDITION,,0,0,0,0,0,0,0,0,1,0,0,0,0,0,0,0,0,0,0,0,0,0,0,0,0,0,0,0,0,0,0,0,0,0,0,0,0,0,0,0,0,0,0,0,0,-92.809442,45.056364
261,PL2011473,BELTRAMI,MN,PIMUSHE LAKE,,,,,,29-Nov-12,,,2012,,,NATURAL,INFECTIOUS AGENTS,,Bacterial septicemia,Nov,INFECTIOUS AGENT,,0,0,0,0,0,0,0,0,0,0,0,0,0,0,0,0,0,0,0,0,0,0,0,0,0,0,0,0,0,0,0,0,0,0,0,0,0,0,1,0,0,0,0,0,0,-94.5173,47.5595  
262,PL2012510 (S2012330),BENTON,MN,MAYHEW LAKE,,,,,,29-Nov-12,,,2012,,,ANTHROPOGENIC,TOXICITY,,ANTHROPOGENIC CONDITION,Nov,ANTHROPOGENIC CONDITION,,0,0,0,0,0,1,0,0,0,0,0,0,0,0,0,0,0,0,0,0,1,1,0,1,0,0,0,0,0,0,0,0,0,0,0,0,0,0,1,0,0,0,0,0,0,-94.0978,45.7043 
263,PL2012515,WASHINGTON,MN,FOREST LAKE,,,,,,6-Dec-12,,,2012,,NA,NA,NA,,NA,Dec,NA,,0,0,0,0,0,0,0,0,0,0,0,1,0,0,0,0,0,0,0,0,0,0,0,0,0,0,0,0,0,0,0,0,0,0,0,0,0,0,1,0,0,0,0,0,0,-92.9461,45.2739
264,S2013029,WASHINGTON,MN,ST.CROIX RIVER,,,,,,22-Feb-13,,,2013,,,ANTHROPOGENIC,TOXICITY,,DIRECT TEMPERATURE STRESS,Feb,ANTHROPOGENIC CONDITION,,0,0,0,0,0,0,0,0,0,0,0,0,0,0,0,0,0,0,1,0,0,0,0,0,0,0,0,0,0,0,0,0,0,0,0,0,0,0,0,0,0,0,0,0,0,-92.809442,45.056364
265,S2013027,SHERBURNE,MN,MISSISSIPI RIVER,,,,,,2-Mar-13,,,2013,,,ANTHROPOGENIC,TOXICITY,,DIRECT TEMPERATURE STRESS,Mar,ANTHROPOGENIC CONDITION,,UNKNOWN,UNKNOWN,UNKNOWN,UNKNOWN,UNKNOWN,UNKNOWN,UNKNOWN,UNKNOWN,UNKNOWN,UNKNOWN,UNKNOWN,UNKNOWN,UNKNOWN,UNKNOWN,UNKNOWN,UNKNOWN,UNKNOWN,UNKNOWN,UNKNOWN,UNKNOWN,UNKNOWN,UNKNOWN,UNKNOWN,UNKNOWN,UNKNOWN,UNKNOWN,UNKNOWN,UNKNOWN,UNKNOWN,UNKNOWN,UNKNOWN,UNKNOWN,UNKNOWN,UNKNOWN,UNKNOWN,UNKNOWN,UNKNOWN,UNKNOWN,UNKNOWN,UNKNOWN,UNKNOWN,UNKNOWN,UNKNOWN,UNKNOWN,UNKNOWN,-93.772723,45.299763
266,S2013039,RAMSEY,MN,BEAVER LAKE,,,,,,30-Nov-12,,,2012,,,NATURAL,ENVIRONMENTAL CONDITION,,Winterkill,Nov,WINTERKILL,,1,0,0,0,0,1,0,0,0,0,0,0,0,0,0,0,0,0,0,0,0,0,0,0,0,0,0,0,0,0,0,0,0,0,0,0,0,0,1,0,0,0,0,0,0,-93.0047    ,44.9731 
267,S2013042,HENNEPIN,MN,MINNESOTA RIVER,,,,,,28-Mar-13,,,2013,,,ANTHROPOGENIC,TOXICITY,,ANTHROPOGENIC CONDITION,Mar,ANTHROPOGENIC CONDITION,,UNKNOWN,UNKNOWN,UNKNOWN,UNKNOWN,UNKNOWN,UNKNOWN,UNKNOWN,UNKNOWN,UNKNOWN,UNKNOWN,UNKNOWN,UNKNOWN,UNKNOWN,UNKNOWN,UNKNOWN,UNKNOWN,UNKNOWN,UNKNOWN,UNKNOWN,UNKNOWN,UNKNOWN,UNKNOWN,UNKNOWN,UNKNOWN,UNKNOWN,UNKNOWN,UNKNOWN,UNKNOWN,UNKNOWN,UNKNOWN,UNKNOWN,UNKNOWN,UNKNOWN,UNKNOWN,UNKNOWN,UNKNOWN,UNKNOWN,UNKNOWN,UNKNOWN,UNKNOWN,UNKNOWN,UNKNOWN,UNKNOWN,UNKNOWN,UNKNOWN,-93.690957,44.675819
268,S2013044,WABASHA,MN,GORMAN CREEK,,,,,,29-Mar-13,,,2013,,,ANTHROPOGENIC,TOXICITY,,ANTHROPOGENIC CONDITION,Mar,ANTHROPOGENIC CONDITION,,0,0,0,0,0,0,0,0,0,0,0,0,0,0,0,0,0,0,0,0,0,0,0,0,0,0,0,0,0,0,0,0,0,0,0,0,0,0,0,0,1,0,0,0,0,-92.038112,44.378046
269,PL2013141,JACKSON,MN,LAKE LITTLE SPIRIT,,,,,,21-May-13,,,2013,,NA,NA,NA,,UNKNOWN,May,NA,,0,0,0,0,0,1,0,0,0,0,0,0,0,0,0,0,0,0,0,0,0,0,0,0,0,0,0,0,0,0,0,0,0,0,0,0,0,0,0,0,0,0,0,0,0,-94.968033,43.611377
270,S2013137,WASHINGTON,MN,BIG CARNELIAN LAKE,,,,,,16-Jun-13,,,2013,,,NATURAL,ENVIRONMENTAL CONDITION,,Stress,Jun,?,,0,0,0,0,0,0,0,0,0,0,0,1,0,0,0,0,0,0,0,0,0,0,0,0,0,0,0,0,0,0,0,0,0,0,0,0,0,0,0,0,0,0,0,0,0,-94.2744   ,45.3674 
271,S2013138,HENNEPIN,MN,LAKE HARRIET,,,,,,16-Jun-13,,,2013,,,NATURAL,ENVIRONMENTAL CONDITION,,Stress,Jun,?,,0,0,0,0,0,0,0,0,0,0,0,1,0,0,0,0,0,0,0,0,0,0,0,0,0,0,0,0,0,0,0,0,0,0,0,0,0,0,1,0,0,0,0,0,0,-93.3054,44.922  
272,PL2013155(S2013141),STEARNS,MN,LAKE BLACK OAK,,,,,,18-Jun-13,,,2013,,,NATURAL,INFECTIOUS AGENTS,,COLUMNARIS,Jun,INFECTIOUS AGENT,,0,0,0,0,0,0,1,0,0,0,0,0,0,0,0,0,0,0,0,0,0,0,0,0,0,0,0,0,0,0,0,0,0,0,0,0,0,0,0,0,0,0,0,0,0,-94.809861,45.634508
273,S2013144,HENNEPIN,MN,LAKE WACONIA,,,,,,19-Jun-13,,,2013,,,NATURAL,ENVIRONMENTAL CONDITION,,Stress,Jun,?,,0,0,0,0,0,0,0,0,0,0,0,1,0,0,0,0,0,0,0,0,0,0,0,0,0,0,0,0,0,0,0,0,0,0,0,0,0,0,1,0,0,0,0,0,0,-93.784679,44.869449
274,S2013146,HENNEPIN,MN,LAKE CALHOUN,,,,,,19-Jun-13,,,2013,,,NATURAL,ENVIRONMENTAL CONDITION,,Stress,Jun,?,,0,0,0,0,0,0,0,0,0,0,0,0,0,0,0,0,0,0,0,0,0,0,0,0,0,0,0,0,0,0,0,0,0,0,0,0,0,0,1,0,0,0,0,0,0,-93.312,44.9421  
275,PL2013162 (S2013200),HENNEPIN,MN,LAKE HARRIET,,,,,,26-Jun-13,,,2013,,,NATURAL,INFECTIOUS AGENTS,,COLUMNARIS,Jun,INFECTIOUS AGENT,,0,0,0,0,0,0,0,0,0,0,0,0,0,0,0,0,0,0,0,0,0,0,0,0,0,0,0,0,0,0,0,0,0,1,0,0,0,0,1,0,0,0,0,0,1,-93.3054,44.922  
276,S2013186,HENNEPIN,MN,LAKE CALHOUN,,,,,,26-Jun-13,,,2013,,,NATURAL,INFECTIOUS AGENTS,,COLUMNARIS,Jun,INFECTIOUS AGENT,,0,0,0,0,0,0,0,0,0,0,0,1,0,0,0,0,0,0,0,0,0,0,0,0,0,0,0,0,0,0,0,0,0,0,0,0,0,0,1,0,0,0,0,0,0,-93.312,44.9421  
277,S2013199,HENNEPIN,MN,LAKE MINNEWASHTA,,,,,,26-Jun-13,,,2013,,,NATURAL,ENVIRONMENTAL CONDITION,,Environmental factor,Jun,?,,0,0,0,0,0,0,0,0,0,0,0,1,0,0,0,0,0,0,0,0,0,0,0,0,0,0,0,0,0,0,0,0,0,0,0,0,0,0,1,0,0,0,0,0,0,-93.609165,44.881828
278,S2013184,HENNEPIN,MN,PARKER LAKE,,,,,,27-Jun-13,,,2013,,,NATURAL,INFECTIOUS AGENTS,,COLUMNARIS,Jun,INFECTIOUS AGENT,,0,0,0,0,0,0,0,0,0,0,0,1,0,0,0,0,0,0,0,0,0,0,0,0,0,0,0,0,0,0,0,0,0,0,0,0,0,0,0,0,0,0,0,0,0,-93.468411,45.019472
279,S2013240,HENNEPIN,MN,ELM CREEK,,,,,,13-Aug-13,,,2013,,,NATURAL,ENVIRONMENTAL CONDITION,,DISSOLVED OXYGEN,Aug,?,,0,0,0,0,0,0,0,0,0,0,0,0,0,0,0,0,0,0,0,0,0,0,0,0,0,0,0,0,0,0,0,0,0,0,0,0,0,0,1,0,0,0,0,0,0,-93.415325,45.178554
280,PL2013342 (S2013241),HOUSTON,MN,BEAVER CREEK,,,,,,15-Aug-13,,,2013,,,NATURAL,ENVIRONMENTAL CONDITION,,DISSOLVED OXYGEN,Aug,?,,0,0,0,0,0,0,0,0,0,0,0,0,0,0,0,0,0,0,0,0,0,1,0,1,0,0,0,0,0,0,0,0,0,0,0,0,0,0,1,0,0,0,0,0,0,-91.581609,43.648493
281,S2013251,WASHINGTON,MN,ST.CROIX RIVER,,,,,,22-Aug-13,,,2013,,,ANTHROPOGENIC,TOXICITY,,ANTHROPOGENIC CONDITION,Aug,ANTHROPOGENIC CONDITION,,1,0,0,0,0,0,0,0,0,0,0,0,0,0,0,0,0,0,0,0,1,0,0,0,0,0,0,0,0,0,0,0,0,0,0,0,0,0,1,0,0,0,0,0,0,-92.809442,45.056364
282,S2013303,OLMSTEAD,MN,NA,,,,,,9-Nov-13,,,2013,,,ANTHROPOGENIC,TOXICITY,,ANTHROPOGENIC CONDITION,Nov,ANTHROPOGENIC CONDITION,,0,0,0,0,0,0,0,0,0,0,0,0,0,0,0,0,0,0,0,0,0,1,0,0,0,0,0,0,0,0,0,0,0,0,0,0,0,0,0,0,0,0,0,0,0,NA,NA
283,S2013314,OLMSTEAD,MN,NA,,,,,,16-Nov-03,,,2003,,,ANTHROPOGENIC,TOXICITY,,ANTHROPOGENIC CONDITION,Nov,ANTHROPOGENIC CONDITION,,0,0,0,0,0,0,0,0,0,0,0,0,0,0,0,0,0,0,0,0,0,1,0,0,0,0,0,0,0,0,0,0,0,0,0,0,0,0,0,0,0,0,0,0,0,NA,NA
284,PL2013497,SHOREVIEW,MN,LAKE OWASSO,,,,,,2-Dec-13,,,2013,,,NATURAL,INFECTIOUS AGENTS,,A.hydrophila intestine+,Dec,INFECTIOUS AGENT,,0,0,0,0,0,0,0,0,0,0,0,0,0,0,0,0,0,0,0,0,0,1,0,0,0,0,0,0,0,0,0,0,0,0,0,0,0,0,0,0,0,0,0,0,0,-93.125115,45.037265